,ID,Season,Age,Height,Weight,timeOnIce,assists,goals,pim,shots,games,hits,powerPlayGoals,powerPlayPoints,powerPlayTimeOnIce,evenTimeOnIce,penaltyMinutes,faceOffPct,shotPct,gameWinningGoals,overTimeGoals,shortHandedGoals,shortHandedPoints,shortHandedTimeOnIce,blocked,plusMinus,points,shifts,timeOnIcePerGame,evenTimeOnIcePerGame,shortHandedTimeOnIcePerGame,powerPlayTimeOnIcePerGame,ot,shutouts,wins,losses,saves,powerPlaySaves,shortHandedSaves,evenSaves,shortHandedShots,evenShots,powerPlayShots,savePercentage,goalAgainstAverage,gamesStarted,shotsAgainst,goalsAgainst,powerPlaySavePercentage,shortHandedSavePercentage,evenStrengthSavePercentage,ties
0,8448208,20142015,42.96049884665668,"6' 3""",230,1352:54,30.0,17.0,48.0,169.0,77.0,30.0,4.0,11.0,182:05,1170:11,48,100.0,10.06,5.0,1.0,0.0,0.0,00:38,14.0,-3.0,47.0,1671.0,17:34,15:11,00:00,02:21,0.0,0.0,0.0,0.0,0.0,0.0,0.0,0.0,0.0,0.0,0.0,0.0,0.0,0.0,0.0,0.0,0.0,0.0,0.0,0.0
1,8465185,20142015,37.77490297542044,"6' 3""",210,1430:48,5.0,3.0,25.0,78.0,66.0,99.0,0.0,0.0,08:55,1205:43,25,0.0,3.85,0.0,0.0,0.0,1.0,216:10,144.0,1.0,8.0,1729.0,21:40,18:16,03:16,00:08,0.0,0.0,0.0,0.0,0.0,0.0,0.0,0.0,0.0,0.0,0.0,0.0,0.0,0.0,0.0,0.0,0.0,0.0,0.0,0.0
2,8465978,20142015,37.52575343778449,"6' 2""",217,440:52,4.0,1.0,50.0,53.0,46.0,93.0,0.0,0.0,03:34,436:18,50,25.0,1.89,0.0,0.0,0.0,0.0,01:00,5.0,-13.0,5.0,615.0,09:35,09:29,00:01,00:04,0.0,0.0,0.0,0.0,0.0,0.0,0.0,0.0,0.0,0.0,0.0,0.0,0.0,0.0,0.0,0.0,0.0,0.0,0.0,0.0
3,8466285,20142015,35.694093650109174,"5' 10""",192,1903:05,24.0,3.0,22.0,118.0,82.0,44.0,1.0,12.0,248:36,1571:42,22,0.0,2.54,0.0,0.0,0.0,0.0,82:47,85.0,4.0,27.0,2083.0,23:12,19:10,01:00,03:01,0.0,0.0,0.0,0.0,0.0,0.0,0.0,0.0,0.0,0.0,0.0,0.0,0.0,0.0,0.0,0.0,0.0,0.0,0.0,0.0
4,8468001,20142015,33.640663394867794,"5' 11""",177,1020:58,6.0,5.0,45.0,72.0,82.0,273.0,1.0,1.0,15:06,809:43,45,53.13,6.94,0.0,0.0,0.0,0.0,196:09,51.0,-17.0,11.0,1495.0,12:27,09:52,02:23,00:11,0.0,0.0,0.0,0.0,0.0,0.0,0.0,0.0,0.0,0.0,0.0,0.0,0.0,0.0,0.0,0.0,0.0,0.0,0.0,0.0
5,8468504,20142015,32.791912222701356,"6' 0""",199,1220:44,24.0,14.0,20.0,151.0,78.0,60.0,5.0,9.0,157:43,1058:48,20,56.06,9.27,4.0,1.0,0.0,0.0,04:13,38.0,11.0,38.0,1513.0,15:39,13:34,00:03,02:01,0.0,0.0,0.0,0.0,0.0,0.0,0.0,0.0,0.0,0.0,0.0,0.0,0.0,0.0,0.0,0.0,0.0,0.0,0.0,0.0
6,8468518,20142015,32.98630362019754,"6' 3""",210,825:50,6.0,2.0,28.0,106.0,64.0,88.0,0.0,0.0,07:44,671:07,28,75.0,1.89,1.0,0.0,0.0,0.0,146:59,22.0,-19.0,8.0,1150.0,12:54,10:29,02:17,00:07,0.0,0.0,0.0,0.0,0.0,0.0,0.0,0.0,0.0,0.0,0.0,0.0,0.0,0.0,0.0,0.0,0.0,0.0,0.0,0.0
7,8469638,20142015,31.836382677262367,"6' 0""",191,1355:47,36.0,8.0,34.0,134.0,81.0,52.0,2.0,9.0,180:20,1034:40,34,50.4,5.97,0.0,0.0,0.0,0.0,140:47,50.0,-2.0,44.0,1794.0,16:44,12:46,01:44,02:13,0.0,0.0,0.0,0.0,0.0,0.0,0.0,0.0,0.0,0.0,0.0,0.0,0.0,0.0,0.0,0.0,0.0,0.0,0.0,0.0
8,8470039,20142015,30.71110289739009,"6' 1""",192,970:23,19.0,8.0,12.0,131.0,66.0,64.0,0.0,1.0,75:55,840:46,12,28.57,6.11,1.0,0.0,0.0,0.0,53:42,15.0,12.0,27.0,1278.0,14:42,12:44,00:48,01:09,0.0,0.0,0.0,0.0,0.0,0.0,0.0,0.0,0.0,0.0,0.0,0.0,0.0,0.0,0.0,0.0,0.0,0.0,0.0,0.0
9,8470105,20142015,31.31891825294154,"6' 0""",200,798:58,7.0,8.0,28.0,93.0,63.0,128.0,0.0,1.0,28:57,689:56,28,52.3,8.6,2.0,0.0,0.0,0.0,80:05,27.0,-8.0,15.0,1147.0,12:40,10:57,01:16,00:27,0.0,0.0,0.0,0.0,0.0,0.0,0.0,0.0,0.0,0.0,0.0,0.0,0.0,0.0,0.0,0.0,0.0,0.0,0.0,0.0
10,8470176,20142015,30.979417784074965,"5' 11""",201,734:34,10.0,9.0,40.0,108.0,56.0,73.0,0.0,2.0,23:15,704:53,40,33.33,8.33,2.0,0.0,0.0,0.0,06:26,13.0,-2.0,19.0,932.0,13:07,12:35,00:06,00:24,0.0,0.0,0.0,0.0,0.0,0.0,0.0,0.0,0.0,0.0,0.0,0.0,0.0,0.0,0.0,0.0,0.0,0.0,0.0,0.0
11,8470839,20142015,31.480454766353862,"6' 3""",230,121:19,1.0,0.0,5.0,4.0,9.0,36.0,0.0,0.0,00:59,114:42,5,0.0,0.0,0.0,0.0,0.0,0.0,05:38,12.0,-4.0,1.0,174.0,13:28,12:44,00:37,00:06,0.0,0.0,0.0,0.0,0.0,0.0,0.0,0.0,0.0,0.0,0.0,0.0,0.0,0.0,0.0,0.0,0.0,0.0,0.0,0.0
12,8471245,20142015,28.65767264214871,"6' 0""",184,866:38,17.0,6.0,48.0,76.0,53.0,88.0,0.0,5.0,71:07,701:09,48,44.46,7.89,0.0,0.0,1.0,1.0,94:22,21.0,4.0,23.0,1180.0,16:21,13:13,01:46,01:20,0.0,0.0,0.0,0.0,0.0,0.0,0.0,0.0,0.0,0.0,0.0,0.0,0.0,0.0,0.0,0.0,0.0,0.0,0.0,0.0
13,8474000,20142015,26.352354942264387,"5' 11""",198,429:55,2.0,2.0,12.0,28.0,25.0,49.0,0.0,1.0,10:42,392:50,12,0.0,7.14,1.0,0.0,0.0,0.0,26:23,33.0,-4.0,4.0,544.0,17:11,15:42,01:03,00:25,0.0,0.0,0.0,0.0,0.0,0.0,0.0,0.0,0.0,0.0,0.0,0.0,0.0,0.0,0.0,0.0,0.0,0.0,0.0,0.0
14,8474606,20142015,24.772582599232017,"6' 3""",194,167:01,1.0,0.0,2.0,8.0,12.0,16.0,0.0,0.0,00:49,157:36,2,0.0,0.0,0.0,0.0,0.0,0.0,08:36,10.0,2.0,1.0,227.0,13:55,13:08,00:43,00:04,0.0,0.0,0.0,0.0,0.0,0.0,0.0,0.0,0.0,0.0,0.0,0.0,0.0,0.0,0.0,0.0,0.0,0.0,0.0,0.0
15,8474625,20142015,25.194220278308247,"6' 5""",215,1090:16,16.0,19.0,20.0,166.0,72.0,147.0,4.0,11.0,143:28,943:50,20,44.44,11.45,3.0,0.0,0.0,0.0,02:58,12.0,-4.0,35.0,1315.0,15:08,13:06,00:02,01:59,0.0,0.0,0.0,0.0,0.0,0.0,0.0,0.0,0.0,0.0,0.0,0.0,0.0,0.0,0.0,0.0,0.0,0.0,0.0,0.0
16,8475153,20142015,24.077154219456936,"6' 2""",223,699:44,6.0,2.0,20.0,44.0,44.0,77.0,0.0,1.0,25:33,596:38,20,0.0,4.55,0.0,0.0,0.0,0.0,77:33,52.0,-7.0,8.0,976.0,15:54,13:33,01:45,00:34,0.0,0.0,0.0,0.0,0.0,0.0,0.0,0.0,0.0,0.0,0.0,0.0,0.0,0.0,0.0,0.0,0.0,0.0,0.0,0.0
17,8475179,20142015,24.257856081918177,"6' 1""",201,1555:44,19.0,3.0,48.0,83.0,73.0,114.0,1.0,6.0,109:03,1261:47,48,0.0,3.61,0.0,0.0,0.0,1.0,184:54,105.0,0.0,22.0,1905.0,21:18,17:17,02:31,01:29,0.0,0.0,0.0,0.0,0.0,0.0,0.0,0.0,0.0,0.0,0.0,0.0,0.0,0.0,0.0,0.0,0.0,0.0,0.0,0.0
18,8475204,20142015,23.81157723977905,"6' 1""",180,723:43,2.0,22.0,14.0,143.0,49.0,39.0,7.0,7.0,84:33,636:23,14,49.14,15.38,4.0,0.0,0.0,0.0,02:47,13.0,6.0,24.0,885.0,14:46,12:59,00:03,01:43,0.0,0.0,0.0,0.0,0.0,0.0,0.0,0.0,0.0,0.0,0.0,0.0,0.0,0.0,0.0,0.0,0.0,0.0,0.0,0.0
19,8475253,20142015,23.880024914953765,"6' 3""",218,17:41,0.0,0.0,0.0,5.0,2.0,5.0,0.0,0.0,00:22,17:19,0,0.0,0.0,0.0,0.0,0.0,0.0,00:00,1.0,-2.0,0.0,25.0,08:50,08:39,00:00,00:11,0.0,0.0,0.0,0.0,0.0,0.0,0.0,0.0,0.0,0.0,0.0,0.0,0.0,0.0,0.0,0.0,0.0,0.0,0.0,0.0
20,8475755,20142015,22.91354374148682,"6' 4""",220,536:34,3.0,0.0,34.0,29.0,33.0,76.0,0.0,0.0,06:11,504:23,34,0.0,0.0,0.0,0.0,0.0,0.0,26:00,34.0,-4.0,3.0,686.0,16:15,15:17,00:47,00:11,0.0,0.0,0.0,0.0,0.0,0.0,0.0,0.0,0.0,0.0,0.0,0.0,0.0,0.0,0.0,0.0,0.0,0.0,0.0,0.0
21,8475760,20142015,22.541188388536384,"6' 6""",209,1193:55,19.0,24.0,38.0,207.0,72.0,148.0,7.0,12.0,166:50,989:52,38,48.89,11.59,3.0,0.0,0.0,0.0,37:13,29.0,-7.0,43.0,1508.0,16:34,13:44,00:31,02:19,0.0,0.0,0.0,0.0,0.0,0.0,0.0,0.0,0.0,0.0,0.0,0.0,0.0,0.0,0.0,0.0,0.0,0.0,0.0,0.0
22,8475790,20142015,23.066866533878176,"6' 5""",222,1414:58,9.0,4.0,58.0,110.0,76.0,212.0,0.0,4.0,67:09,1182:01,58,0.0,3.64,0.0,0.0,0.0,0.0,165:48,75.0,-4.0,13.0,1830.0,18:37,15:33,02:10,00:53,0.0,0.0,0.0,0.0,0.0,0.0,0.0,0.0,0.0,0.0,0.0,0.0,0.0,0.0,0.0,0.0,0.0,0.0,0.0,0.0
23,8476389,20142015,21.558279773027508,"5' 11""",184,700:16,15.0,7.0,24.0,89.0,50.0,93.0,1.0,1.0,45:18,649:58,24,48.64,7.87,0.0,0.0,0.0,0.0,05:00,19.0,9.0,22.0,859.0,14:00,12:59,00:06,00:54,0.0,0.0,0.0,0.0,0.0,0.0,0.0,0.0,0.0,0.0,0.0,0.0,0.0,0.0,0.0,0.0,0.0,0.0,0.0,0.0
24,8476428,20142015,21.97717954509675,"5' 6""",180,88:16,0.0,1.0,4.0,18.0,7.0,7.0,0.0,0.0,02:38,85:38,4,42.85,5.56,0.0,0.0,0.0,0.0,00:00,1.0,1.0,1.0,127.0,12:36,12:14,00:00,00:22,0.0,0.0,0.0,0.0,0.0,0.0,0.0,0.0,0.0,0.0,0.0,0.0,0.0,0.0,0.0,0.0,0.0,0.0,0.0,0.0
25,8476456,20142015,21.659582332286085,"6' 1""",200,1323:05,39.0,15.0,38.0,169.0,79.0,68.0,0.0,12.0,185:21,1127:24,38,25.0,8.88,0.0,0.0,0.0,0.0,10:20,24.0,10.0,54.0,1636.0,16:44,14:16,00:07,02:20,0.0,0.0,0.0,0.0,0.0,0.0,0.0,0.0,0.0,0.0,0.0,0.0,0.0,0.0,0.0,0.0,0.0,0.0,0.0,0.0
26,8477493,20142015,19.414498586555506,"6' 3""",215,1242:25,20.0,16.0,16.0,123.0,71.0,35.0,3.0,7.0,160:55,1049:02,16,46.1,13.01,3.0,0.0,0.0,0.0,32:28,35.0,-4.0,36.0,1516.0,17:29,14:46,00:27,02:15,0.0,0.0,0.0,0.0,0.0,0.0,0.0,0.0,0.0,0.0,0.0,0.0,0.0,0.0,0.0,0.0,0.0,0.0,0.0,0.0
27,8477932,20142015,18.981909279451322,"6' 4""",215,1766:37,27.0,12.0,32.0,170.0,81.0,109.0,6.0,13.0,227:24,1504:41,32,0.0,7.06,4.0,0.0,0.0,0.0,34:32,80.0,12.0,39.0,1966.0,21:48,18:34,00:25,02:48,0.0,0.0,0.0,0.0,0.0,0.0,0.0,0.0,0.0,0.0,0.0,0.0,0.0,0.0,0.0,0.0,0.0,0.0,0.0,0.0
28,8466141,20142015,35.82825109345161,"6' 3""",215,3528:11,0.0,0.0,0.0,0.0,61.0,0.0,0.0,0.0,0,0,0,0.0,0.0,0.0,0.0,0.0,0.0,0,0.0,0.0,0.0,0.0,57:50,0,0,0,12.0,2.0,28.0,19.0,1605.0,248.0,35.0,1322.0,38.0,1418.0,287.0,0.920826,2.346817,61.0,1743.0,138.0,86.41114982578398,92.10526315789474,93.22990126939351,0.0
29,8468540,20142015,34.61809619636269,"6' 1""",195,486:28,0.0,0.0,0.0,0.0,8.0,0.0,0.0,0.0,0,0,0,0.0,0.0,0.0,0.0,0.0,0.0,0,0.0,0.0,0.0,0.0,60:48,0,0,0,1.0,1.0,4.0,3.0,202.0,26.0,4.0,172.0,5.0,187.0,29.0,0.914027,2.343429,8.0,221.0,19.0,89.65517241379311,80.0,91.97860962566845,0.0
30,8471219,20142015,29.963654284482228,"6' 2""",200,976:56,0.0,0.0,0.0,0.0,20.0,0.0,0.0,0.0,0,0,0,0.0,0.0,0.0,0.0,0.0,0.0,0,0.0,0.0,0.0,0.0,48:50,0,0,0,2.0,0.0,6.0,7.0,404.0,51.0,11.0,342.0,13.0,382.0,58.0,0.891832,3.009417,13.0,453.0,49.0,87.93103448275862,84.61538461538461,89.52879581151832,0.0
31,8448208,20152016,43.959834904207476,"6' 3""",230,1348:56,39.0,27.0,48.0,143.0,79.0,31.0,5.0,11.0,214:27,1133:11,48,0.0,18.88,4.0,0.0,0.0,0.0,01:18,16.0,23.0,66.0,1616.0,17:04,14:20,00:00,02:42,0.0,0.0,0.0,0.0,0.0,0.0,0.0,0.0,0.0,0.0,0.0,0.0,0.0,0.0,0.0,0.0,0.0,0.0,0.0,0.0
32,8465185,20152016,38.774239032971245,"6' 3""",210,916:34,6.0,1.0,18.0,33.0,46.0,68.0,0.0,0.0,05:54,761:48,18,0.0,3.03,1.0,0.0,0.0,0.0,148:52,70.0,-2.0,7.0,1093.0,19:55,16:33,03:14,00:07,0.0,0.0,0.0,0.0,0.0,0.0,0.0,0.0,0.0,0.0,0.0,0.0,0.0,0.0,0.0,0.0,0.0,0.0,0.0,0.0
33,8465978,20152016,38.525089495335294,"6' 2""",217,434:27,4.0,1.0,80.0,58.0,50.0,73.0,0.0,0.0,05:28,428:59,80,46.15,1.72,0.0,0.0,0.0,0.0,00:00,2.0,-2.0,5.0,593.0,08:41,08:34,00:00,00:06,0.0,0.0,0.0,0.0,0.0,0.0,0.0,0.0,0.0,0.0,0.0,0.0,0.0,0.0,0.0,0.0,0.0,0.0,0.0,0.0
34,8466285,20152016,36.69342970765998,"5' 10""",192,1826:47,25.0,6.0,26.0,99.0,82.0,27.0,0.0,8.0,220:11,1474:03,26,0.0,6.06,1.0,1.0,1.0,1.0,132:33,80.0,31.0,31.0,2052.0,22:16,17:58,01:36,02:41,0.0,0.0,0.0,0.0,0.0,0.0,0.0,0.0,0.0,0.0,0.0,0.0,0.0,0.0,0.0,0.0,0.0,0.0,0.0,0.0
35,8468001,20152016,34.6399994524186,"5' 11""",177,841:42,7.0,6.0,36.0,79.0,64.0,154.0,0.0,0.0,09:27,663:39,36,54.8,7.59,3.0,0.0,0.0,1.0,168:36,38.0,7.0,13.0,1225.0,13:09,10:22,02:38,00:08,0.0,0.0,0.0,0.0,0.0,0.0,0.0,0.0,0.0,0.0,0.0,0.0,0.0,0.0,0.0,0.0,0.0,0.0,0.0,0.0
36,8469638,20152016,32.83571873481317,"6' 0""",191,1481:36,42.0,18.0,42.0,153.0,81.0,43.0,5.0,12.0,211:02,1086:07,42,51.52,11.76,1.0,0.0,1.0,2.0,184:27,50.0,25.0,60.0,1917.0,18:17,13:24,02:16,02:36,0.0,0.0,0.0,0.0,0.0,0.0,0.0,0.0,0.0,0.0,0.0,0.0,0.0,0.0,0.0,0.0,0.0,0.0,0.0,0.0
37,8470201,20152016,32.07458058687037,"5' 10""",190,1134:40,30.0,16.0,27.0,109.0,72.0,28.0,3.0,10.0,185:01,948:40,27,42.3,14.68,1.0,0.0,0.0,0.0,00:59,7.0,-1.0,46.0,1598.0,15:45,13:10,00:00,02:34,0.0,0.0,0.0,0.0,0.0,0.0,0.0,0.0,0.0,0.0,0.0,0.0,0.0,0.0,0.0,0.0,0.0,0.0,0.0,0.0
38,8471245,20152016,29.657008699699514,"6' 0""",184,352:18,4.0,1.0,16.0,26.0,25.0,36.0,0.0,3.0,19:43,282:44,16,45.74,3.85,0.0,0.0,0.0,0.0,49:51,9.0,-2.0,5.0,506.0,14:05,11:18,01:59,00:47,0.0,0.0,0.0,0.0,0.0,0.0,0.0,0.0,0.0,0.0,0.0,0.0,0.0,0.0,0.0,0.0,0.0,0.0,0.0,0.0
39,8471693,20152016,28.972531947952387,"6' 3""",199,677:09,6.0,2.0,18.0,63.0,44.0,39.0,0.0,1.0,37:36,635:20,18,0.0,3.17,1.0,1.0,0.0,0.0,04:13,24.0,13.0,8.0,937.0,15:23,14:26,00:05,00:51,0.0,0.0,0.0,0.0,0.0,0.0,0.0,0.0,0.0,0.0,0.0,0.0,0.0,0.0,0.0,0.0,0.0,0.0,0.0,0.0
40,8473962,20152016,30.396243591586412,"6' 2""",195,1279:04,29.0,14.0,12.0,149.0,76.0,31.0,2.0,10.0,192:10,1045:46,12,33.33,9.4,2.0,1.0,0.0,1.0,41:08,15.0,-11.0,43.0,1696.0,16:49,13:45,00:32,02:31,0.0,0.0,0.0,0.0,0.0,0.0,0.0,0.0,0.0,0.0,0.0,0.0,0.0,0.0,0.0,0.0,0.0,0.0,0.0,0.0
41,8474000,20152016,27.35169099981519,"5' 11""",198,709:26,4.0,0.0,26.0,54.0,47.0,70.0,0.0,1.0,09:52,659:26,26,50.0,0.0,0.0,0.0,0.0,0.0,40:08,70.0,5.0,4.0,887.0,15:05,14:01,00:51,00:12,0.0,0.0,0.0,0.0,0.0,0.0,0.0,0.0,0.0,0.0,0.0,0.0,0.0,0.0,0.0,0.0,0.0,0.0,0.0,0.0
42,8474698,20152016,26.708282853172893,"5' 11""",189,81:05,0.0,0.0,4.0,7.0,7.0,4.0,0.0,0.0,00:19,78:30,4,0.0,0.0,0.0,0.0,0.0,0.0,02:16,7.0,-2.0,0.0,112.0,11:35,11:12,00:19,00:02,0.0,0.0,0.0,0.0,0.0,0.0,0.0,0.0,0.0,0.0,0.0,0.0,0.0,0.0,0.0,0.0,0.0,0.0,0.0,0.0
43,8475153,20152016,25.076490277007743,"6' 2""",223,110:01,1.0,0.0,2.0,9.0,8.0,6.0,0.0,0.0,00:32,109:25,2,0.0,0.0,0.0,0.0,0.0,0.0,00:04,7.0,-1.0,1.0,141.0,13:45,13:40,00:00,00:04,0.0,0.0,0.0,0.0,0.0,0.0,0.0,0.0,0.0,0.0,0.0,0.0,0.0,0.0,0.0,0.0,0.0,0.0,0.0,0.0
44,8475179,20152016,25.257192139468984,"6' 1""",201,1556:33,16.0,1.0,51.0,99.0,74.0,122.0,0.0,6.0,103:27,1277:43,51,0.0,1.01,1.0,0.0,0.0,0.0,175:23,121.0,8.0,17.0,1808.0,21:02,17:15,02:22,01:23,0.0,0.0,0.0,0.0,0.0,0.0,0.0,0.0,0.0,0.0,0.0,0.0,0.0,0.0,0.0,0.0,0.0,0.0,0.0,0.0
45,8475191,20152016,24.835554460392753,"6' 1""",185,1526:06,25.0,25.0,31.0,173.0,82.0,85.0,5.0,11.0,210:40,1128:09,31,0.0,14.45,3.0,0.0,0.0,1.0,187:17,39.0,19.0,50.0,1957.0,18:36,13:45,02:17,02:34,0.0,0.0,0.0,0.0,0.0,0.0,0.0,0.0,0.0,0.0,0.0,0.0,0.0,0.0,0.0,0.0,0.0,0.0,0.0,0.0
46,8475204,20152016,24.810913297329858,"6' 1""",180,885:30,15.0,14.0,30.0,128.0,61.0,66.0,3.0,10.0,131:28,752:03,30,46.15,10.94,3.0,0.0,0.0,0.0,01:59,14.0,-4.0,29.0,1108.0,14:30,12:19,00:01,02:09,0.0,0.0,0.0,0.0,0.0,0.0,0.0,0.0,0.0,0.0,0.0,0.0,0.0,0.0,0.0,0.0,0.0,0.0,0.0,0.0
47,8475253,20152016,24.879360972504568,"6' 3""",218,271:48,0.0,0.0,24.0,28.0,29.0,75.0,0.0,0.0,03:40,268:08,24,0.0,0.0,0.0,0.0,0.0,0.0,00:00,4.0,-3.0,0.0,371.0,09:22,09:14,00:00,00:07,0.0,0.0,0.0,0.0,0.0,0.0,0.0,0.0,0.0,0.0,0.0,0.0,0.0,0.0,0.0,0.0,0.0,0.0,0.0,0.0
48,8475260,20152016,25.39134958281142,"6' 2""",195,192:38,5.0,2.0,4.0,11.0,20.0,18.0,0.0,0.0,02:06,189:27,4,50.94,18.18,0.0,0.0,0.0,0.0,01:05,2.0,3.0,7.0,264.0,09:37,09:28,00:03,00:06,0.0,0.0,0.0,0.0,0.0,0.0,0.0,0.0,0.0,0.0,0.0,0.0,0.0,0.0,0.0,0.0,0.0,0.0,0.0,0.0
49,8475735,20152016,23.622661656296845,"6' 0""",195,123:52,0.0,2.0,2.0,14.0,15.0,20.0,0.0,0.0,01:10,118:48,2,45.04,14.29,0.0,0.0,0.0,0.0,03:54,6.0,1.0,2.0,184.0,08:15,07:55,00:15,00:04,0.0,0.0,0.0,0.0,0.0,0.0,0.0,0.0,0.0,0.0,0.0,0.0,0.0,0.0,0.0,0.0,0.0,0.0,0.0,0.0
50,8475736,20152016,23.932045148086544,"6' 0""",203,200:41,4.0,1.0,14.0,13.0,23.0,46.0,0.0,0.0,03:12,197:27,14,0.0,7.69,1.0,0.0,0.0,0.0,00:02,6.0,1.0,5.0,272.0,08:43,08:35,00:00,00:08,0.0,0.0,0.0,0.0,0.0,0.0,0.0,0.0,0.0,0.0,0.0,0.0,0.0,0.0,0.0,0.0,0.0,0.0,0.0,0.0
51,8475755,20152016,23.912879799037626,"6' 4""",220,1119:04,15.0,2.0,90.0,53.0,66.0,157.0,0.0,0.0,10:29,991:15,90,0.0,3.77,0.0,0.0,0.0,1.0,117:20,76.0,17.0,17.0,1400.0,16:57,15:01,01:46,00:09,0.0,0.0,0.0,0.0,0.0,0.0,0.0,0.0,0.0,0.0,0.0,0.0,0.0,0.0,0.0,0.0,0.0,0.0,0.0,0.0
52,8475756,20152016,23.83074258882797,"6' 0""",211,29:44,0.0,0.0,0.0,2.0,3.0,5.0,0.0,0.0,00:47,28:57,0,0.0,0.0,0.0,0.0,0.0,0.0,00:00,3.0,-1.0,0.0,49.0,09:54,09:39,00:00,00:15,0.0,0.0,0.0,0.0,0.0,0.0,0.0,0.0,0.0,0.0,0.0,0.0,0.0,0.0,0.0,0.0,0.0,0.0,0.0,0.0
53,8475760,20152016,23.54052444608719,"6' 6""",209,1039:10,19.0,15.0,41.0,171.0,67.0,87.0,6.0,15.0,173:16,855:24,41,51.72,8.77,3.0,0.0,0.0,0.0,10:30,28.0,-8.0,34.0,1306.0,15:30,12:46,00:09,02:35,0.0,0.0,0.0,0.0,0.0,0.0,0.0,0.0,0.0,0.0,0.0,0.0,0.0,0.0,0.0,0.0,0.0,0.0,0.0,0.0
54,8475769,20152016,24.02787189333114,"6' 2""",189,601:35,5.0,6.0,18.0,54.0,58.0,116.0,0.0,0.0,06:25,588:36,18,50.0,11.11,0.0,0.0,0.0,0.0,06:34,10.0,-1.0,11.0,782.0,10:22,10:08,00:06,00:06,0.0,0.0,0.0,0.0,0.0,0.0,0.0,0.0,0.0,0.0,0.0,0.0,0.0,0.0,0.0,0.0,0.0,0.0,0.0,0.0
55,8475790,20152016,24.066202591428983,"6' 5""",222,1287:12,7.0,2.0,49.0,73.0,64.0,150.0,0.0,0.0,21:15,1058:50,49,0.0,2.74,0.0,0.0,0.0,0.0,207:07,73.0,3.0,9.0,1488.0,20:06,16:32,03:14,00:19,0.0,0.0,0.0,0.0,0.0,0.0,0.0,0.0,0.0,0.0,0.0,0.0,0.0,0.0,0.0,0.0,0.0,0.0,0.0,0.0
56,8476389,20152016,22.557615830578314,"5' 11""",184,1350:32,28.0,25.0,44.0,174.0,76.0,125.0,4.0,13.0,203:43,1086:34,44,49.45,14.37,4.0,0.0,1.0,1.0,60:15,41.0,15.0,53.0,1618.0,17:46,14:17,00:47,02:40,0.0,0.0,0.0,0.0,0.0,0.0,0.0,0.0,0.0,0.0,0.0,0.0,0.0,0.0,0.0,0.0,0.0,0.0,0.0,0.0
57,8476400,20152016,23.321491885528108,"6' 3""",208,648:46,2.0,5.0,13.0,72.0,53.0,88.0,1.0,1.0,55:03,565:13,13,43.24,6.94,1.0,0.0,0.0,0.0,28:30,20.0,-7.0,7.0,887.0,12:14,10:39,00:32,01:02,0.0,0.0,0.0,0.0,0.0,0.0,0.0,0.0,0.0,0.0,0.0,0.0,0.0,0.0,0.0,0.0,0.0,0.0,0.0,0.0
58,8476415,20152016,23.269471652395325,"5' 9""",171,113:19,0.0,0.0,2.0,15.0,9.0,4.0,0.0,0.0,04:32,106:35,2,0.0,0.0,0.0,0.0,0.0,0.0,02:12,3.0,-1.0,0.0,158.0,12:35,11:50,00:14,00:30,0.0,0.0,0.0,0.0,0.0,0.0,0.0,0.0,0.0,0.0,0.0,0.0,0.0,0.0,0.0,0.0,0.0,0.0,0.0,0.0
59,8476428,20152016,22.976515602647556,"5' 6""",180,237:18,2.0,3.0,2.0,29.0,20.0,17.0,0.0,0.0,10:12,226:48,2,43.51,10.34,0.0,0.0,0.0,0.0,00:18,2.0,-4.0,5.0,303.0,11:51,11:20,00:00,00:30,0.0,0.0,0.0,0.0,0.0,0.0,0.0,0.0,0.0,0.0,0.0,0.0,0.0,0.0,0.0,0.0,0.0,0.0,0.0,0.0
60,8476456,20152016,22.658918389836888,"6' 1""",200,1378:55,39.0,20.0,43.0,174.0,76.0,53.0,4.0,13.0,204:58,1133:59,43,38.88,11.49,2.0,0.0,1.0,1.0,39:58,36.0,17.0,59.0,1639.0,18:08,14:55,00:31,02:41,0.0,0.0,0.0,0.0,0.0,0.0,0.0,0.0,0.0,0.0,0.0,0.0,0.0,0.0,0.0,0.0,0.0,0.0,0.0,0.0
61,8476875,20152016,21.92515931196397,"6' 2""",193,52:36,0.0,0.0,2.0,4.0,3.0,1.0,0.0,0.0,00:03,52:09,2,0.0,0.0,0.0,0.0,0.0,0.0,00:24,1.0,1.0,0.0,63.0,17:32,17:23,00:08,00:01,0.0,0.0,0.0,0.0,0.0,0.0,0.0,0.0,0.0,0.0,0.0,0.0,0.0,0.0,0.0,0.0,0.0,0.0,0.0,0.0
62,8477493,20152016,20.413834644106313,"6' 3""",215,1282:23,31.0,28.0,8.0,171.0,66.0,43.0,9.0,16.0,187:35,976:42,8,49.22,16.37,8.0,0.0,1.0,2.0,118:06,39.0,18.0,59.0,1517.0,19:25,14:47,01:47,02:50,0.0,0.0,0.0,0.0,0.0,0.0,0.0,0.0,0.0,0.0,0.0,0.0,0.0,0.0,0.0,0.0,0.0,0.0,0.0,0.0
63,8477932,20152016,19.98124533700213,"6' 4""",215,1690:49,21.0,15.0,41.0,182.0,78.0,87.0,3.0,9.0,221:15,1411:37,41,0.0,8.24,4.0,0.0,0.0,0.0,57:57,59.0,18.0,36.0,1878.0,21:40,18:05,00:44,02:50,0.0,0.0,0.0,0.0,0.0,0.0,0.0,0.0,0.0,0.0,0.0,0.0,0.0,0.0,0.0,0.0,0.0,0.0,0.0,0.0
64,8466141,20152016,36.82758715100242,"6' 3""",215,3601:51,0.0,0.0,0.0,0.0,62.0,0.0,0.0,0.0,0,0,0,0.0,0.0,0.0,0.0,0.0,0.0,0,0.0,0.0,0.0,0.0,58:05,0,0,0,6.0,4.0,35.0,19.0,1660.0,263.0,40.0,1357.0,43.0,1449.0,309.0,0.92171,2.348793,60.0,1801.0,141.0,85.11326860841424,93.02325581395348,93.65079365079364,0.0
65,8471219,20152016,30.962990342033034,"6' 2""",200,1351:14,0.0,0.0,0.0,0.0,25.0,0.0,0.0,0.0,0,0,0,0.0,0.0,0.0,0.0,0.0,0.0,0,0.0,0.0,0.0,0.0,54:02,0,0,0,3.0,0.0,12.0,7.0,559.0,84.0,12.0,463.0,13.0,503.0,92.0,0.919408,2.17579,22.0,608.0,49.0,91.30434782608695,92.3076923076923,92.04771371769384,0.0
66,8448208,20162017,44.96190886876527,"6' 3""",230,1393:59,30.0,16.0,56.0,181.0,82.0,21.0,8.0,13.0,226:49,1165:54,56,50.0,8.84,2.0,0.0,0.0,0.0,01:16,4.0,2.0,46.0,1727.0,16:59,14:13,00:00,02:45,0.0,0.0,0.0,0.0,0.0,0.0,0.0,0.0,0.0,0.0,0.0,0.0,0.0,0.0,0.0,0.0,0.0,0.0,0.0,0.0
67,8465978,20162017,39.52716345989308,"6' 2""",217,384:29,2.0,2.0,67.0,42.0,50.0,52.0,0.0,0.0,07:38,376:40,67,33.33,4.76,0.0,0.0,0.0,0.0,00:11,8.0,-7.0,4.0,565.0,07:41,07:32,00:00,00:09,0.0,0.0,0.0,0.0,0.0,0.0,0.0,0.0,0.0,0.0,0.0,0.0,0.0,0.0,0.0,0.0,0.0,0.0,0.0,0.0
68,8468001,20162017,35.642073416976395,"5' 11""",177,1030:19,10.0,6.0,50.0,91.0,82.0,192.0,0.0,0.0,12:36,833:13,50,50.0,6.59,1.0,0.0,2.0,5.0,184:30,45.0,-7.0,16.0,1559.0,12:33,10:09,02:15,00:09,0.0,0.0,0.0,0.0,0.0,0.0,0.0,0.0,0.0,0.0,0.0,0.0,0.0,0.0,0.0,0.0,0.0,0.0,0.0,0.0
69,8469638,20162017,33.837792699370965,"6' 0""",191,1201:20,17.0,11.0,39.0,118.0,69.0,28.0,4.0,10.0,170:07,937:26,39,52.08,9.32,2.0,0.0,1.0,1.0,93:47,33.0,-15.0,28.0,1598.0,17:24,13:35,01:21,02:27,0.0,0.0,0.0,0.0,0.0,0.0,0.0,0.0,0.0,0.0,0.0,0.0,0.0,0.0,0.0,0.0,0.0,0.0,0.0,0.0
70,8470598,20162017,33.03558594632333,"6' 2""",214,979:29,31.0,17.0,22.0,133.0,68.0,29.0,5.0,13.0,181:49,796:35,22,40.0,12.78,2.0,0.0,0.0,0.0,01:05,5.0,-5.0,48.0,1283.0,14:24,11:42,00:00,02:40,0.0,0.0,0.0,0.0,0.0,0.0,0.0,0.0,0.0,0.0,0.0,0.0,0.0,0.0,0.0,0.0,0.0,0.0,0.0,0.0
71,8471693,20162017,29.97460591251018,"6' 3""",199,572:56,4.0,0.0,28.0,41.0,39.0,49.0,0.0,0.0,10:49,554:54,28,0.0,0.0,0.0,0.0,0.0,0.0,07:13,37.0,-11.0,4.0,749.0,14:41,14:13,00:11,00:16,0.0,0.0,0.0,0.0,0.0,0.0,0.0,0.0,0.0,0.0,0.0,0.0,0.0,0.0,0.0,0.0,0.0,0.0,0.0,0.0
72,8471735,20162017,30.396243591586412,"6' 1""",192,1807:16,36.0,5.0,39.0,178.0,82.0,28.0,2.0,18.0,252:58,1415:04,39,0.0,2.81,0.0,0.0,0.0,1.0,139:14,76.0,-6.0,41.0,2105.0,22:02,17:15,01:41,03:05,0.0,0.0,0.0,0.0,0.0,0.0,0.0,0.0,0.0,0.0,0.0,0.0,0.0,0.0,0.0,0.0,0.0,0.0,0.0,0.0
73,8474000,20162017,28.353764964372985,"5' 11""",198,145:50,1.0,1.0,6.0,10.0,11.0,24.0,0.0,0.0,00:33,143:59,6,0.0,10.0,0.0,0.0,0.0,0.0,01:18,10.0,-2.0,2.0,215.0,13:15,13:05,00:07,00:03,0.0,0.0,0.0,0.0,0.0,0.0,0.0,0.0,0.0,0.0,0.0,0.0,0.0,0.0,0.0,0.0,0.0,0.0,0.0,0.0
74,8474098,20162017,27.784280306919374,"6' 0""",190,1170:41,15.0,9.0,25.0,172.0,80.0,108.0,1.0,3.0,66:38,943:09,25,53.44,5.23,1.0,0.0,3.0,4.0,160:54,64.0,-16.0,24.0,1596.0,14:38,11:47,02:00,00:49,0.0,0.0,0.0,0.0,0.0,0.0,0.0,0.0,0.0,0.0,0.0,0.0,0.0,0.0,0.0,0.0,0.0,0.0,0.0,0.0
75,8474218,20162017,28.646721014120754,"6' 1""",195,1588:29,19.0,9.0,53.0,98.0,81.0,106.0,0.0,5.0,131:08,1315:05,53,0.0,9.18,2.0,0.0,0.0,2.0,142:16,90.0,-14.0,28.0,2019.0,19:36,16:14,01:45,01:37,0.0,0.0,0.0,0.0,0.0,0.0,0.0,0.0,0.0,0.0,0.0,0.0,0.0,0.0,0.0,0.0,0.0,0.0,0.0,0.0
76,8475191,20162017,25.837628424950548,"6' 1""",185,1468:16,22.0,15.0,17.0,160.0,80.0,75.0,6.0,11.0,193:04,1137:46,17,50.0,9.38,3.0,0.0,1.0,1.0,137:26,34.0,-13.0,37.0,1948.0,18:21,14:13,01:43,02:24,0.0,0.0,0.0,0.0,0.0,0.0,0.0,0.0,0.0,0.0,0.0,0.0,0.0,0.0,0.0,0.0,0.0,0.0,0.0,0.0
77,8475597,20162017,27.99783705346448,"5' 11""",193,144:12,1.0,2.0,18.0,13.0,14.0,19.0,0.0,0.0,00:17,143:43,18,0.0,15.38,0.0,0.0,0.0,0.0,00:12,0.0,-1.0,3.0,193.0,10:18,10:15,00:00,00:01,0.0,0.0,0.0,0.0,0.0,0.0,0.0,0.0,0.0,0.0,0.0,0.0,0.0,0.0,0.0,0.0,0.0,0.0,0.0,0.0
78,8475735,20162017,24.624735620854636,"6' 0""",195,455:31,4.0,3.0,22.0,36.0,46.0,48.0,0.0,0.0,07:28,426:49,22,50.0,8.33,0.0,0.0,0.0,0.0,21:14,16.0,-3.0,7.0,669.0,09:54,09:16,00:27,00:09,0.0,0.0,0.0,0.0,0.0,0.0,0.0,0.0,0.0,0.0,0.0,0.0,0.0,0.0,0.0,0.0,0.0,0.0,0.0,0.0
79,8475755,20162017,24.91495376359542,"6' 4""",220,889:21,13.0,1.0,79.0,55.0,49.0,106.0,0.0,0.0,05:26,819:30,79,0.0,1.82,0.0,0.0,0.0,0.0,64:25,55.0,-1.0,14.0,1055.0,18:09,16:43,01:18,00:06,0.0,0.0,0.0,0.0,0.0,0.0,0.0,0.0,0.0,0.0,0.0,0.0,0.0,0.0,0.0,0.0,0.0,0.0,0.0,0.0
80,8475760,20162017,24.54259841064498,"6' 6""",209,710:15,7.0,7.0,22.0,91.0,54.0,72.0,1.0,3.0,76:32,631:51,22,47.57,7.69,1.0,0.0,0.0,0.0,01:52,9.0,-19.0,14.0,984.0,13:09,11:42,00:02,01:25,0.0,0.0,0.0,0.0,0.0,0.0,0.0,0.0,0.0,0.0,0.0,0.0,0.0,0.0,0.0,0.0,0.0,0.0,0.0,0.0
81,8475795,20162017,24.78353422725997,"6' 5""",232,57:06,0.0,1.0,14.0,3.0,6.0,15.0,0.0,0.0,00:00,56:00,14,0.0,33.33,0.0,0.0,0.0,0.0,01:06,4.0,-2.0,1.0,76.0,09:31,09:20,00:11,00:00,0.0,0.0,0.0,0.0,0.0,0.0,0.0,0.0,0.0,0.0,0.0,0.0,0.0,0.0,0.0,0.0,0.0,0.0,0.0,0.0
82,8475796,20162017,25.05732492795882,"6' 1""",205,1521:59,13.0,4.0,10.0,86.0,82.0,72.0,0.0,0.0,07:11,1282:22,10,0.0,4.65,0.0,0.0,0.0,0.0,232:26,99.0,0.0,17.0,1896.0,18:33,15:38,02:50,00:05,0.0,0.0,0.0,0.0,0.0,0.0,0.0,0.0,0.0,0.0,0.0,0.0,0.0,0.0,0.0,0.0,0.0,0.0,0.0,0.0
83,8475958,20162017,24.520695154589074,"6' 0""",179,423:50,7.0,2.0,9.0,33.0,38.0,39.0,1.0,2.0,25:04,393:07,9,43.94,6.06,0.0,0.0,0.0,0.0,05:39,16.0,-5.0,9.0,626.0,11:09,10:20,00:08,00:39,0.0,0.0,0.0,0.0,0.0,0.0,0.0,0.0,0.0,0.0,0.0,0.0,0.0,0.0,0.0,0.0,0.0,0.0,0.0,0.0
84,8476200,20162017,28.170325194904756,"6' 1""",201,165:54,3.0,0.0,22.0,19.0,21.0,48.0,0.0,0.0,00:11,165:33,22,0.0,0.0,0.0,0.0,0.0,0.0,00:10,16.0,-4.0,3.0,255.0,07:54,07:53,00:00,00:00,0.0,0.0,0.0,0.0,0.0,0.0,0.0,0.0,0.0,0.0,0.0,0.0,0.0,0.0,0.0,0.0,0.0,0.0,0.0,0.0
85,8476389,20162017,23.55968979513611,"5' 11""",184,1707:53,31.0,23.0,43.0,230.0,82.0,164.0,2.0,12.0,224:07,1326:26,43,50.18,10.0,2.0,1.0,0.0,1.0,157:20,51.0,-13.0,54.0,2101.0,20:49,16:10,01:55,02:43,0.0,0.0,0.0,0.0,0.0,0.0,0.0,0.0,0.0,0.0,0.0,0.0,0.0,0.0,0.0,0.0,0.0,0.0,0.0,0.0
86,8476415,20162017,24.27154561695312,"5' 9""",171,230:24,1.0,2.0,4.0,21.0,24.0,24.0,0.0,0.0,05:05,225:19,4,66.66,9.52,0.0,0.0,0.0,0.0,00:00,3.0,-3.0,3.0,324.0,09:36,09:23,00:00,00:12,0.0,0.0,0.0,0.0,0.0,0.0,0.0,0.0,0.0,0.0,0.0,0.0,0.0,0.0,0.0,0.0,0.0,0.0,0.0,0.0
87,8476456,20162017,23.660992354394683,"6' 1""",200,555:30,16.0,10.0,13.0,86.0,31.0,18.0,3.0,7.0,78:45,473:52,13,44.44,11.63,2.0,1.0,0.0,0.0,02:53,7.0,-2.0,26.0,697.0,17:55,15:17,00:05,02:32,0.0,0.0,0.0,0.0,0.0,0.0,0.0,0.0,0.0,0.0,0.0,0.0,0.0,0.0,0.0,0.0,0.0,0.0,0.0,0.0
88,8476495,20162017,24.074416312449948,"5' 9""",190,305:37,5.0,0.0,8.0,21.0,24.0,30.0,0.0,1.0,32:07,273:29,8,25.0,0.0,0.0,0.0,0.0,0.0,00:01,5.0,6.0,5.0,421.0,12:44,11:23,00:00,01:20,0.0,0.0,0.0,0.0,0.0,0.0,0.0,0.0,0.0,0.0,0.0,0.0,0.0,0.0,0.0,0.0,0.0,0.0,0.0,0.0
89,8476539,20162017,26.097729590614456,"5' 9""",183,1268:19,21.0,30.0,38.0,193.0,75.0,105.0,8.0,18.0,202:23,1062:23,38,45.18,15.54,6.0,1.0,0.0,0.0,03:33,17.0,-21.0,51.0,1567.0,16:54,14:09,00:02,02:41,0.0,0.0,0.0,0.0,0.0,0.0,0.0,0.0,0.0,0.0,0.0,0.0,0.0,0.0,0.0,0.0,0.0,0.0,0.0,0.0
90,8476875,20162017,22.92723327652176,"6' 2""",193,1705:17,10.0,7.0,36.0,179.0,81.0,69.0,0.0,1.0,41:05,1453:51,36,100.0,3.91,0.0,0.0,0.0,1.0,210:21,118.0,-5.0,17.0,1952.0,21:03,17:56,02:35,00:30,0.0,0.0,0.0,0.0,0.0,0.0,0.0,0.0,0.0,0.0,0.0,0.0,0.0,0.0,0.0,0.0,0.0,0.0,0.0,0.0
91,8477346,20162017,23.066866533878176,"6' 0""",206,52:20,0.0,0.0,4.0,3.0,3.0,4.0,0.0,0.0,05:45,46:35,4,0.0,0.0,0.0,0.0,0.0,0.0,00:00,1.0,0.0,0.0,62.0,17:26,15:31,00:00,01:55,0.0,0.0,0.0,0.0,0.0,0.0,0.0,0.0,0.0,0.0,0.0,0.0,0.0,0.0,0.0,0.0,0.0,0.0,0.0,0.0
92,8477452,20162017,21.492570004859786,"6' 3""",218,39:46,1.0,0.0,0.0,0.0,3.0,3.0,0.0,0.0,00:00,39:46,0,0.0,0.0,0.0,0.0,0.0,0.0,00:00,2.0,0.0,1.0,52.0,13:15,13:15,00:00,00:00,0.0,0.0,0.0,0.0,0.0,0.0,0.0,0.0,0.0,0.0,0.0,0.0,0.0,0.0,0.0,0.0,0.0,0.0,0.0,0.0
93,8477493,20162017,21.415908608664108,"6' 3""",215,1183:30,31.0,21.0,10.0,142.0,61.0,39.0,3.0,14.0,177:29,927:57,10,46.53,14.79,5.0,2.0,0.0,0.0,78:04,30.0,13.0,52.0,1469.0,19:24,15:12,01:16,02:54,0.0,0.0,0.0,0.0,0.0,0.0,0.0,0.0,0.0,0.0,0.0,0.0,0.0,0.0,0.0,0.0,0.0,0.0,0.0,0.0
94,8477932,20162017,20.983319301559924,"6' 4""",215,1459:17,11.0,10.0,58.0,225.0,68.0,88.0,4.0,8.0,189:29,1214:38,58,0.0,4.44,2.0,1.0,1.0,1.0,55:10,62.0,-23.0,21.0,1618.0,21:27,17:51,00:48,02:47,0.0,0.0,0.0,0.0,0.0,0.0,0.0,0.0,0.0,0.0,0.0,0.0,0.0,0.0,0.0,0.0,0.0,0.0,0.0,0.0
95,8477955,20162017,20.671197902763232,"6' 1""",191,337:25,6.0,1.0,4.0,44.0,29.0,28.0,0.0,1.0,28:38,308:13,4,39.04,2.27,0.0,0.0,0.0,0.0,00:34,6.0,-1.0,7.0,465.0,11:38,10:37,00:01,00:59,0.0,0.0,0.0,0.0,0.0,0.0,0.0,0.0,0.0,0.0,0.0,0.0,0.0,0.0,0.0,0.0,0.0,0.0,0.0,0.0
96,8478843,20162017,20.0360034771419,"5' 9""",182,528:12,4.0,6.0,8.0,67.0,47.0,34.0,2.0,2.0,52:20,475:37,8,36.41,8.96,1.0,1.0,0.0,0.0,00:15,15.0,-5.0,10.0,720.0,11:14,10:07,00:00,01:06,0.0,0.0,0.0,0.0,0.0,0.0,0.0,0.0,0.0,0.0,0.0,0.0,0.0,0.0,0.0,0.0,0.0,0.0,0.0,0.0
97,8466141,20162017,37.82966111556021,"6' 3""",215,2327:10,0.0,0.0,0.0,0.0,40.0,0.0,0.0,0.0,0,0,0,0.0,0.0,0.0,0.0,0.0,0.0,0,0.0,0.0,0.0,0.0,58:10,0,0,0,6.0,1.0,17.0,15.0,1113.0,157.0,35.0,921.0,37.0,1010.0,170.0,0.914544,2.682064,39.0,1217.0,104.0,92.3529411764706,94.5945945945946,91.1881188118812,0.0
98,8473499,20162017,30.078646378775744,"6' 4""",218,313:07,0.0,0.0,0.0,0.0,7.0,0.0,0.0,0.0,0,0,0,0.0,0.0,0.0,0.0,0.0,0.0,0,0.0,0.0,0.0,0.0,44:43,0,0,0,0.0,0.0,0.0,5.0,127.0,20.0,4.0,103.0,6.0,117.0,22.0,0.875862,3.449194,4.0,145.0,18.0,90.9090909090909,66.66666666666666,88.03418803418803,0.0
99,8473503,20162017,28.882181016721766,"6' 3""",205,2324:35,0.0,0.0,0.0,0.0,43.0,0.0,0.0,0.0,0,0,0,0.0,0.0,0.0,0.0,0.0,0.0,0,0.0,0.0,0.0,0.0,54:03,0,0,0,5.0,3.0,18.0,16.0,1124.0,145.0,17.0,962.0,21.0,1035.0,166.0,0.919804,2.529486,39.0,1222.0,98.0,87.34939759036145,80.95238095238095,92.94685990338164,0.0
100,8468001,20172018,36.6414094745272,"5' 11""",177,848:06,11.0,3.0,31.0,86.0,75.0,124.0,0.0,0.0,03:00,672:31,31,52.06,3.49,0.0,0.0,1.0,4.0,172:35,45.0,-9.0,14.0,1309.0,11:18,08:58,02:18,00:02,0.0,0.0,0.0,0.0,0.0,0.0,0.0,0.0,0.0,0.0,0.0,0.0,0.0,0.0,0.0,0.0,0.0,0.0,0.0,0.0
101,8468085,20172018,36.635933660513224,"6' 1""",194,542:01,9.0,5.0,16.0,88.0,42.0,15.0,2.0,4.0,55:12,486:45,16,33.33,5.68,0.0,0.0,0.0,0.0,00:04,16.0,-7.0,14.0,804.0,12:54,11:35,00:00,01:18,0.0,0.0,0.0,0.0,0.0,0.0,0.0,0.0,0.0,0.0,0.0,0.0,0.0,0.0,0.0,0.0,0.0,0.0,0.0,0.0
102,8471735,20172018,31.39557964913722,"6' 1""",192,2008:06,48.0,8.0,35.0,179.0,82.0,26.0,1.0,18.0,270:31,1554:16,35,0.0,4.47,1.0,0.0,0.0,2.0,183:19,101.0,7.0,56.0,2410.0,24:29,18:57,02:14,03:17,0.0,0.0,0.0,0.0,0.0,0.0,0.0,0.0,0.0,0.0,0.0,0.0,0.0,0.0,0.0,0.0,0.0,0.0,0.0,0.0
103,8473465,20172018,29.489996372273215,"6' 1""",205,1022:31,16.0,13.0,33.0,116.0,76.0,120.0,4.0,6.0,119:58,901:03,33,26.92,11.21,0.0,0.0,0.0,0.0,01:30,22.0,-5.0,29.0,1474.0,13:27,11:51,00:01,01:34,0.0,0.0,0.0,0.0,0.0,0.0,0.0,0.0,0.0,0.0,0.0,0.0,0.0,0.0,0.0,0.0,0.0,0.0,0.0,0.0
104,8474098,20172018,28.78361636447018,"6' 0""",190,1021:24,13.0,11.0,24.0,141.0,76.0,84.0,0.0,0.0,04:26,838:36,24,48.73,7.8,2.0,0.0,1.0,3.0,178:22,69.0,6.0,24.0,1444.0,13:26,11:02,02:20,00:03,0.0,0.0,0.0,0.0,0.0,0.0,0.0,0.0,0.0,0.0,0.0,0.0,0.0,0.0,0.0,0.0,0.0,0.0,0.0,0.0
105,8474149,20172018,28.89039473774273,"5' 11""",189,1383:43,37.0,28.0,8.0,188.0,74.0,27.0,6.0,13.0,245:47,1137:42,8,0.0,14.89,6.0,0.0,0.0,0.0,00:14,33.0,10.0,65.0,1669.0,18:41,15:22,00:00,03:19,0.0,0.0,0.0,0.0,0.0,0.0,0.0,0.0,0.0,0.0,0.0,0.0,0.0,0.0,0.0,0.0,0.0,0.0,0.0,0.0
106,8474230,20172018,31.841858491276344,"5' 11""",213,584:19,6.0,3.0,212.0,55.0,75.0,124.0,0.0,0.0,02:21,576:36,212,47.5,5.45,1.0,0.0,0.0,0.0,05:22,23.0,-13.0,9.0,895.0,07:47,07:41,00:04,00:01,0.0,0.0,0.0,0.0,0.0,0.0,0.0,0.0,0.0,0.0,0.0,0.0,0.0,0.0,0.0,0.0,0.0,0.0,0.0,0.0
107,8475736,20172018,25.933455170195145,"6' 0""",203,523:12,8.0,4.0,19.0,62.0,44.0,82.0,0.0,0.0,04:20,480:20,19,18.75,6.45,2.0,0.0,0.0,0.0,38:32,28.0,-6.0,12.0,756.0,11:53,10:55,00:52,00:05,0.0,0.0,0.0,0.0,0.0,0.0,0.0,0.0,0.0,0.0,0.0,0.0,0.0,0.0,0.0,0.0,0.0,0.0,0.0,0.0
108,8475755,20172018,25.914289821146223,"6' 4""",220,982:00,11.0,2.0,98.0,60.0,67.0,142.0,0.0,0.0,01:36,952:41,98,0.0,3.33,1.0,0.0,0.0,0.0,27:43,74.0,-2.0,13.0,1278.0,14:39,14:13,00:24,00:01,0.0,0.0,0.0,0.0,0.0,0.0,0.0,0.0,0.0,0.0,0.0,0.0,0.0,0.0,0.0,0.0,0.0,0.0,0.0,0.0
109,8475760,20172018,25.541934468195787,"6' 6""",209,1239:49,30.0,19.0,41.0,230.0,82.0,95.0,1.0,7.0,124:48,1114:01,41,51.0,8.26,1.0,0.0,0.0,0.0,01:00,19.0,5.0,49.0,1693.0,15:07,13:35,00:00,01:31,0.0,0.0,0.0,0.0,0.0,0.0,0.0,0.0,0.0,0.0,0.0,0.0,0.0,0.0,0.0,0.0,0.0,0.0,0.0,0.0
110,8475796,20172018,26.056660985509627,"6' 1""",205,1538:25,13.0,3.0,20.0,106.0,82.0,102.0,0.0,0.0,07:34,1361:23,20,0.0,2.83,0.0,0.0,0.0,0.0,169:28,123.0,-8.0,16.0,2118.0,18:45,16:36,02:04,00:05,0.0,0.0,0.0,0.0,0.0,0.0,0.0,0.0,0.0,0.0,0.0,0.0,0.0,0.0,0.0,0.0,0.0,0.0,0.0,0.0
111,8476322,20172018,25.99642703135588,"5' 11""",179,78:32,0.0,0.0,0.0,6.0,8.0,4.0,0.0,0.0,00:00,66:22,0,36.66,0.0,0.0,0.0,0.0,0.0,12:10,2.0,-2.0,0.0,123.0,09:49,08:17,01:31,00:00,0.0,0.0,0.0,0.0,0.0,0.0,0.0,0.0,0.0,0.0,0.0,0.0,0.0,0.0,0.0,0.0,0.0,0.0,0.0,0.0
112,8476389,20172018,24.559025852686915,"5' 11""",184,1751:52,44.0,31.0,54.0,287.0,82.0,145.0,13.0,27.0,285:13,1318:31,54,54.09,10.8,5.0,0.0,3.0,4.0,148:08,55.0,-9.0,75.0,2168.0,21:21,16:04,01:48,03:28,0.0,0.0,0.0,0.0,0.0,0.0,0.0,0.0,0.0,0.0,0.0,0.0,0.0,0.0,0.0,0.0,0.0,0.0,0.0,0.0
113,8476456,20172018,24.66032841194549,"6' 1""",200,1574:55,42.0,27.0,32.0,204.0,82.0,41.0,7.0,19.0,278:02,1288:45,32,47.72,13.24,4.0,0.0,0.0,0.0,08:08,42.0,-2.0,69.0,1912.0,19:12,15:42,00:05,03:23,0.0,0.0,0.0,0.0,0.0,0.0,0.0,0.0,0.0,0.0,0.0,0.0,0.0,0.0,0.0,0.0,0.0,0.0,0.0,0.0
114,8476875,20172018,23.926569334072568,"6' 2""",193,1728:19,17.0,10.0,61.0,167.0,81.0,53.0,1.0,4.0,90:11,1492:59,61,0.0,5.99,2.0,1.0,0.0,1.0,145:09,137.0,-1.0,27.0,2182.0,21:20,18:25,01:47,01:06,0.0,0.0,0.0,0.0,0.0,0.0,0.0,0.0,0.0,0.0,0.0,0.0,0.0,0.0,0.0,0.0,0.0,0.0,0.0,0.0
115,8477346,20172018,24.066202591428983,"6' 0""",206,874:20,6.0,2.0,32.0,58.0,60.0,108.0,0.0,0.0,22:57,842:55,32,0.0,3.45,0.0,0.0,0.0,0.0,08:28,69.0,5.0,8.0,1153.0,14:34,14:02,00:08,00:22,0.0,0.0,0.0,0.0,0.0,0.0,0.0,0.0,0.0,0.0,0.0,0.0,0.0,0.0,0.0,0.0,0.0,0.0,0.0,0.0
116,8477452,20172018,22.49190606241059,"6' 3""",218,572:53,1.0,3.0,25.0,26.0,38.0,71.0,0.0,0.0,00:45,530:25,25,0.0,11.54,1.0,0.0,0.0,0.0,41:43,43.0,-10.0,4.0,764.0,15:04,13:57,01:05,00:01,0.0,0.0,0.0,0.0,0.0,0.0,0.0,0.0,0.0,0.0,0.0,0.0,0.0,0.0,0.0,0.0,0.0,0.0,0.0,0.0
117,8477493,20172018,22.41524466621491,"6' 3""",215,1743:32,51.0,27.0,14.0,256.0,79.0,30.0,5.0,17.0,267:10,1337:52,14,53.5,10.55,3.0,0.0,5.0,5.0,138:30,67.0,9.0,78.0,2155.0,22:04,16:56,01:45,03:22,0.0,0.0,0.0,0.0,0.0,0.0,0.0,0.0,0.0,0.0,0.0,0.0,0.0,0.0,0.0,0.0,0.0,0.0,0.0,0.0
118,8477583,20172018,24.977925624756153,"5' 9""",170,03:25,0.0,0.0,0.0,0.0,1.0,1.0,0.0,0.0,00:00,03:25,0,0.0,0.0,0.0,0.0,0.0,0.0,00:00,0.0,0.0,0.0,6.0,03:25,03:25,00:00,00:00,0.0,0.0,0.0,0.0,0.0,0.0,0.0,0.0,0.0,0.0,0.0,0.0,0.0,0.0,0.0,0.0,0.0,0.0,0.0,0.0
119,8477932,20172018,21.982655359110726,"6' 4""",215,1917:54,22.0,16.0,71.0,189.0,82.0,69.0,5.0,11.0,174:23,1559:42,71,0.0,8.47,4.0,1.0,0.0,0.0,183:49,121.0,9.0,38.0,2376.0,23:23,19:01,02:14,02:07,0.0,0.0,0.0,0.0,0.0,0.0,0.0,0.0,0.0,0.0,0.0,0.0,0.0,0.0,0.0,0.0,0.0,0.0,0.0,0.0
120,8477955,20172018,21.67053396031404,"6' 1""",191,901:21,19.0,9.0,30.0,143.0,68.0,43.0,1.0,1.0,44:50,818:59,30,38.54,6.29,4.0,1.0,0.0,1.0,37:32,32.0,11.0,28.0,1345.0,13:15,12:02,00:33,00:39,0.0,0.0,0.0,0.0,0.0,0.0,0.0,0.0,0.0,0.0,0.0,0.0,0.0,0.0,0.0,0.0,0.0,0.0,0.0,0.0
121,8478211,20172018,22.187998384634867,"6' 0""",193,116:11,1.0,0.0,2.0,12.0,11.0,22.0,0.0,0.0,00:50,115:15,2,25.0,0.0,0.0,0.0,0.0,0.0,00:06,4.0,-5.0,1.0,177.0,10:33,10:28,00:00,00:04,0.0,0.0,0.0,0.0,0.0,0.0,0.0,0.0,0.0,0.0,0.0,0.0,0.0,0.0,0.0,0.0,0.0,0.0,0.0,0.0
122,8478366,20172018,23.88550072896774,"5' 11""",197,444:24,3.0,7.0,34.0,72.0,41.0,51.0,0.0,0.0,28:57,415:27,34,52.63,9.72,0.0,0.0,0.0,0.0,00:00,15.0,3.0,10.0,650.0,10:50,10:07,00:00,00:42,0.0,0.0,0.0,0.0,0.0,0.0,0.0,0.0,0.0,0.0,0.0,0.0,0.0,0.0,0.0,0.0,0.0,0.0,0.0,0.0
123,8478843,20172018,21.035339534692703,"5' 9""",182,706:30,11.0,11.0,6.0,79.0,51.0,48.0,1.0,6.0,62:50,643:16,6,42.62,13.92,3.0,0.0,0.0,0.0,00:24,24.0,4.0,22.0,985.0,13:51,12:36,00:00,01:13,0.0,0.0,0.0,0.0,0.0,0.0,0.0,0.0,0.0,0.0,0.0,0.0,0.0,0.0,0.0,0.0,0.0,0.0,0.0,0.0
124,8479404,20172018,20.487758133295003,"6' 3""",199,50:38,0.0,1.0,0.0,6.0,4.0,1.0,0.0,0.0,05:21,45:17,0,40.54,16.67,0.0,0.0,0.0,0.0,00:00,1.0,-1.0,1.0,72.0,12:39,11:19,00:00,01:20,0.0,0.0,0.0,0.0,0.0,0.0,0.0,0.0,0.0,0.0,0.0,0.0,0.0,0.0,0.0,0.0,0.0,0.0,0.0,0.0
125,8479553,20172018,23.050439091836246,"6' 2""",206,273:32,1.0,3.0,7.0,28.0,26.0,51.0,0.0,0.0,02:19,271:13,7,0.0,10.71,1.0,0.0,0.0,0.0,00:00,9.0,2.0,4.0,398.0,10:31,10:25,00:00,00:05,0.0,0.0,0.0,0.0,0.0,0.0,0.0,0.0,0.0,0.0,0.0,0.0,0.0,0.0,0.0,0.0,0.0,0.0,0.0,0.0
126,8480015,20172018,18.957268116388427,"6' 1""",207,77:49,0.0,1.0,0.0,17.0,7.0,3.0,0.0,0.0,12:04,65:22,0,0.0,5.88,0.0,0.0,0.0,0.0,00:23,4.0,-6.0,1.0,115.0,11:07,09:20,00:03,01:43,0.0,0.0,0.0,0.0,0.0,0.0,0.0,0.0,0.0,0.0,0.0,0.0,0.0,0.0,0.0,0.0,0.0,0.0,0.0,0.0
127,8480164,20172018,23.92383142706558,"5' 9""",165,68:30,1.0,0.0,0.0,3.0,5.0,5.0,0.0,0.0,08:59,59:31,0,0.0,0.0,0.0,0.0,0.0,0.0,00:00,3.0,0.0,1.0,98.0,13:42,11:54,00:00,01:47,0.0,0.0,0.0,0.0,0.0,0.0,0.0,0.0,0.0,0.0,0.0,0.0,0.0,0.0,0.0,0.0,0.0,0.0,0.0,0.0
128,8466141,20172018,38.82899717311101,"6' 3""",215,1965:58,0.0,0.0,0.0,0.0,35.0,0.0,0.0,0.0,0,0,0,0.0,0.0,0.0,0.0,0.0,0.0,0,0.0,0.0,0.0,0.0,56:10,0,0,0,2.0,3.0,18.0,11.0,1062.0,141.0,35.0,886.0,36.0,950.0,157.0,0.929134,2.472066,33.0,1143.0,81.0,89.80891719745223,97.22222222222221,93.26315789473684,0.0
129,8473503,20172018,29.881517074272573,"6' 3""",205,2411:25,0.0,0.0,0.0,0.0,44.0,0.0,0.0,0.0,0,0,0,0.0,0.0,0.0,0.0,0.0,0.0,0,0.0,0.0,0.0,0.0,54:48,0,0,0,6.0,4.0,22.0,14.0,1253.0,213.0,25.0,1015.0,27.0,1110.0,236.0,0.9126,2.985797,42.0,1373.0,120.0,90.2542372881356,92.5925925925926,91.44144144144144,0.0
130,8474550,20172018,34.4264427058735,"6' 2""",209,1213:06,0.0,0.0,0.0,0.0,24.0,0.0,0.0,0.0,0,0,0,0.0,0.0,0.0,0.0,0.0,0.0,0,0.0,0.0,0.0,0.0,50:32,0,0,0,4.0,1.0,7.0,9.0,647.0,117.0,17.0,513.0,17.0,553.0,140.0,0.911268,3.115984,20.0,710.0,63.0,83.57142857142857,100.0,92.76672694394213,0.0
131,8474667,20172018,28.09092589170209,"6' 1""",205,492:36,0.0,0.0,0.0,0.0,9.0,0.0,0.0,0.0,0,0,0,0.0,0.0,0.0,0.0,0.0,0.0,0,0.0,0.0,0.0,0.0,54:44,0,0,0,0.0,0.0,4.0,4.0,247.0,36.0,9.0,202.0,11.0,219.0,41.0,0.911439,2.923264,7.0,271.0,24.0,87.8048780487805,81.81818181818183,92.23744292237443,0.0
132,8468001,20182019,37.640745532078,"5' 11""",177,02:43,0.0,0.0,0.0,0.0,1.0,0.0,0.0,0.0,00:00,02:43,0,66.66,0.0,0.0,0.0,0.0,0.0,00:00,0.0,0.0,0.0,4.0,02:43,02:43,00:00,00:00,0.0,0.0,0.0,0.0,0.0,0.0,0.0,0.0,0.0,0.0,0.0,0.0,0.0,0.0,0.0,0.0,0.0,0.0,0.0,0.0
133,8471426,20182019,33.457223625399564,"6' 3""",213,951:40,9.0,12.0,47.0,86.0,75.0,177.0,0.0,0.0,21:47,805:31,47,37.25,13.95,1.0,0.0,1.0,1.0,124:22,38.0,-6.0,21.0,1384.0,12:41,10:44,01:39,00:17,0.0,0.0,0.0,0.0,0.0,0.0,0.0,0.0,0.0,0.0,0.0,0.0,0.0,0.0,0.0,0.0,0.0,0.0,0.0,0.0
134,8471735,20182019,32.394915706688025,"6' 1""",192,1840:22,53.0,9.0,50.0,199.0,82.0,47.0,7.0,39.0,291:23,1518:09,50,0.0,4.52,2.0,0.0,0.0,0.0,30:50,76.0,-17.0,62.0,2304.0,22:26,18:30,00:22,03:33,0.0,0.0,0.0,0.0,0.0,0.0,0.0,0.0,0.0,0.0,0.0,0.0,0.0,0.0,0.0,0.0,0.0,0.0,0.0,0.0
135,8473465,20182019,30.48933242982402,"6' 1""",205,202:52,3.0,4.0,6.0,23.0,19.0,34.0,1.0,1.0,20:10,182:35,6,100.0,17.39,1.0,0.0,0.0,0.0,00:07,3.0,-5.0,7.0,292.0,10:40,09:36,00:00,01:03,0.0,0.0,0.0,0.0,0.0,0.0,0.0,0.0,0.0,0.0,0.0,0.0,0.0,0.0,0.0,0.0,0.0,0.0,0.0,0.0
136,8473544,20182019,31.359986858046366,"6' 1""",200,1049:40,9.0,14.0,39.0,110.0,70.0,102.0,2.0,5.0,111:20,932:13,39,48.12,12.73,0.0,0.0,0.0,0.0,06:07,15.0,-19.0,23.0,1406.0,14:59,13:19,00:05,01:35,0.0,0.0,0.0,0.0,0.0,0.0,0.0,0.0,0.0,0.0,0.0,0.0,0.0,0.0,0.0,0.0,0.0,0.0,0.0,0.0
137,8474098,20182019,29.782952422020987,"6' 0""",190,725:25,10.0,5.0,15.0,116.0,59.0,89.0,0.0,1.0,02:53,603:16,15,35.45,4.31,0.0,0.0,0.0,0.0,119:16,58.0,-2.0,15.0,1055.0,12:17,10:13,02:01,00:02,0.0,0.0,0.0,0.0,0.0,0.0,0.0,0.0,0.0,0.0,0.0,0.0,0.0,0.0,0.0,0.0,0.0,0.0,0.0,0.0
138,8474149,20182019,29.889730795293538,"5' 11""",189,1506:26,42.0,28.0,8.0,195.0,82.0,33.0,8.0,17.0,275:09,1230:31,8,40.0,14.36,4.0,0.0,0.0,0.0,00:46,42.0,-6.0,70.0,1834.0,18:22,15:00,00:00,03:21,0.0,0.0,0.0,0.0,0.0,0.0,0.0,0.0,0.0,0.0,0.0,0.0,0.0,0.0,0.0,0.0,0.0,0.0,0.0,0.0
139,8474230,20182019,32.84119454882715,"5' 11""",213,347:55,4.0,2.0,75.0,34.0,43.0,76.0,0.0,0.0,01:45,345:39,75,43.33,5.88,0.0,0.0,0.0,0.0,00:31,16.0,-2.0,6.0,536.0,08:05,08:02,00:00,00:02,0.0,0.0,0.0,0.0,0.0,0.0,0.0,0.0,0.0,0.0,0.0,0.0,0.0,0.0,0.0,0.0,0.0,0.0,0.0,0.0
140,8474884,20182019,29.186088694497492,"6' 0""",190,1462:42,34.0,36.0,30.0,253.0,82.0,42.0,17.0,35.0,282:02,1179:28,30,34.21,14.23,6.0,3.0,0.0,0.0,01:12,26.0,-24.0,70.0,1740.0,17:50,14:23,00:00,03:26,0.0,0.0,0.0,0.0,0.0,0.0,0.0,0.0,0.0,0.0,0.0,0.0,0.0,0.0,0.0,0.0,0.0,0.0,0.0,0.0
141,8475227,20182019,29.065620786189996,"5' 10""",181,326:26,5.0,2.0,18.0,27.0,25.0,35.0,0.0,1.0,53:38,272:25,18,0.0,7.41,1.0,0.0,0.0,0.0,00:23,26.0,-12.0,7.0,470.0,13:03,10:53,00:00,02:08,0.0,0.0,0.0,0.0,0.0,0.0,0.0,0.0,0.0,0.0,0.0,0.0,0.0,0.0,0.0,0.0,0.0,0.0,0.0,0.0
142,8475755,20182019,26.91362587869703,"6' 4""",220,578:25,2.0,0.0,26.0,47.0,35.0,116.0,0.0,0.0,05:36,527:41,26,0.0,0.0,0.0,0.0,0.0,0.0,45:08,53.0,-15.0,2.0,785.0,16:31,15:04,01:17,00:09,0.0,0.0,0.0,0.0,0.0,0.0,0.0,0.0,0.0,0.0,0.0,0.0,0.0,0.0,0.0,0.0,0.0,0.0,0.0,0.0
143,8475760,20182019,26.541270525746594,"6' 6""",209,967:37,12.0,14.0,30.0,154.0,64.0,126.0,2.0,6.0,95:49,870:09,30,49.43,9.09,2.0,0.0,0.0,0.0,01:39,27.0,6.0,26.0,1340.0,15:07,13:35,00:01,01:29,0.0,0.0,0.0,0.0,0.0,0.0,0.0,0.0,0.0,0.0,0.0,0.0,0.0,0.0,0.0,0.0,0.0,0.0,0.0,0.0
144,8475772,20182019,27.15182378830503,"6' 2""",214,1103:51,10.0,9.0,17.0,110.0,82.0,72.0,0.0,0.0,04:10,936:24,17,52.32,8.18,2.0,0.0,1.0,2.0,163:17,44.0,-9.0,19.0,1627.0,13:27,11:25,01:59,00:03,0.0,0.0,0.0,0.0,0.0,0.0,0.0,0.0,0.0,0.0,0.0,0.0,0.0,0.0,0.0,0.0,0.0,0.0,0.0,0.0
145,8475796,20182019,27.055997043060433,"6' 1""",205,1278:50,10.0,1.0,26.0,64.0,70.0,133.0,0.0,0.0,03:30,1152:57,26,0.0,1.56,0.0,0.0,0.0,1.0,122:23,89.0,-1.0,11.0,1798.0,18:16,16:28,01:44,00:03,0.0,0.0,0.0,0.0,0.0,0.0,0.0,0.0,0.0,0.0,0.0,0.0,0.0,0.0,0.0,0.0,0.0,0.0,0.0,0.0
146,8476389,20182019,25.558361910237718,"5' 11""",184,1081:16,24.0,10.0,54.0,158.0,55.0,112.0,3.0,13.0,135:31,855:35,54,51.82,6.33,1.0,0.0,1.0,1.0,90:10,42.0,-9.0,34.0,1366.0,19:39,15:33,01:38,02:27,0.0,0.0,0.0,0.0,0.0,0.0,0.0,0.0,0.0,0.0,0.0,0.0,0.0,0.0,0.0,0.0,0.0,0.0,0.0,0.0
147,8476456,20182019,25.659664469496292,"6' 1""",200,1545:59,62.0,30.0,40.0,226.0,82.0,57.0,11.0,34.0,279:58,1252:01,40,63.15,13.27,5.0,0.0,0.0,0.0,14:00,45.0,-14.0,92.0,1846.0,18:51,15:16,00:10,03:24,0.0,0.0,0.0,0.0,0.0,0.0,0.0,0.0,0.0,0.0,0.0,0.0,0.0,0.0,0.0,0.0,0.0,0.0,0.0,0.0
148,8476875,20182019,24.925905391623374,"6' 2""",193,1673:51,19.0,8.0,44.0,129.0,75.0,63.0,0.0,6.0,59:56,1434:12,44,0.0,6.2,2.0,1.0,0.0,2.0,179:43,132.0,-24.0,27.0,2126.0,22:19,19:07,02:23,00:47,0.0,0.0,0.0,0.0,0.0,0.0,0.0,0.0,0.0,0.0,0.0,0.0,0.0,0.0,0.0,0.0,0.0,0.0,0.0,0.0
149,8477346,20182019,25.06553864897979,"6' 0""",206,1085:51,11.0,4.0,64.0,79.0,64.0,127.0,0.0,1.0,18:37,974:50,64,100.0,5.06,2.0,0.0,0.0,0.0,92:24,103.0,-3.0,15.0,1471.0,16:57,15:13,01:26,00:17,0.0,0.0,0.0,0.0,0.0,0.0,0.0,0.0,0.0,0.0,0.0,0.0,0.0,0.0,0.0,0.0,0.0,0.0,0.0,0.0
150,8477384,20182019,25.027207950881948,"6' 5""",220,492:07,1.0,1.0,28.0,28.0,37.0,80.0,0.0,0.0,01:08,460:46,28,0.0,3.57,0.0,0.0,0.0,0.0,30:13,31.0,-3.0,2.0,723.0,13:18,12:27,00:49,00:01,0.0,0.0,0.0,0.0,0.0,0.0,0.0,0.0,0.0,0.0,0.0,0.0,0.0,0.0,0.0,0.0,0.0,0.0,0.0,0.0
151,8477452,20182019,23.491242119961395,"6' 3""",218,253:04,1.0,1.0,8.0,15.0,19.0,41.0,0.0,0.0,00:09,234:06,8,0.0,6.67,0.0,0.0,0.0,0.0,18:49,13.0,-2.0,2.0,350.0,13:19,12:19,00:59,00:00,0.0,0.0,0.0,0.0,0.0,0.0,0.0,0.0,0.0,0.0,0.0,0.0,0.0,0.0,0.0,0.0,0.0,0.0,0.0,0.0
152,8477493,20182019,23.414580723765717,"6' 3""",215,1833:01,61.0,35.0,8.0,206.0,82.0,28.0,13.0,31.0,288:19,1375:06,8,53.68,16.99,5.0,2.0,0.0,1.0,169:36,61.0,-3.0,96.0,2218.0,22:21,16:46,02:04,03:30,0.0,0.0,0.0,0.0,0.0,0.0,0.0,0.0,0.0,0.0,0.0,0.0,0.0,0.0,0.0,0.0,0.0,0.0,0.0,0.0
153,8477932,20182019,22.981991416661533,"6' 4""",215,1938:49,24.0,13.0,47.0,180.0,82.0,114.0,5.0,10.0,139:17,1610:48,47,0.0,7.22,1.0,1.0,0.0,0.0,188:44,88.0,1.0,37.0,2468.0,23:38,19:38,02:18,01:41,0.0,0.0,0.0,0.0,0.0,0.0,0.0,0.0,0.0,0.0,0.0,0.0,0.0,0.0,0.0,0.0,0.0,0.0,0.0,0.0
154,8477955,20182019,22.66987001786484,"6' 1""",191,1133:00,16.0,19.0,31.0,150.0,78.0,77.0,1.0,3.0,63:30,977:31,31,46.21,12.67,2.0,0.0,4.0,4.0,91:59,51.0,-1.0,35.0,1696.0,14:31,12:31,01:10,00:48,0.0,0.0,0.0,0.0,0.0,0.0,0.0,0.0,0.0,0.0,0.0,0.0,0.0,0.0,0.0,0.0,0.0,0.0,0.0,0.0
155,8477963,20182019,23.083293975920107,"5' 11""",196,396:06,5.0,7.0,16.0,35.0,42.0,101.0,0.0,1.0,05:53,390:13,16,73.68,20.0,0.0,0.0,0.0,0.0,00:00,25.0,-8.0,12.0,588.0,09:25,09:17,00:00,00:08,0.0,0.0,0.0,0.0,0.0,0.0,0.0,0.0,0.0,0.0,0.0,0.0,0.0,0.0,0.0,0.0,0.0,0.0,0.0,0.0
156,8477996,20182019,23.006632579724428,"6' 2""",191,437:16,6.0,0.0,6.0,39.0,40.0,45.0,0.0,0.0,03:02,365:11,6,42.77,0.0,0.0,0.0,0.0,1.0,69:03,21.0,-7.0,6.0,665.0,10:55,09:07,01:43,00:04,0.0,0.0,0.0,0.0,0.0,0.0,0.0,0.0,0.0,0.0,0.0,0.0,0.0,0.0,0.0,0.0,0.0,0.0,0.0,0.0
157,8478211,20182019,23.187334442185673,"6' 0""",193,342:56,7.0,3.0,8.0,53.0,31.0,65.0,0.0,0.0,02:00,340:27,8,0.0,5.66,0.0,0.0,0.0,0.0,00:29,9.0,0.0,10.0,469.0,11:03,10:58,00:00,00:03,0.0,0.0,0.0,0.0,0.0,0.0,0.0,0.0,0.0,0.0,0.0,0.0,0.0,0.0,0.0,0.0,0.0,0.0,0.0,0.0
158,8478366,20182019,24.884836786518544,"5' 11""",197,1187:39,15.0,24.0,38.0,208.0,81.0,139.0,2.0,8.0,134:48,1051:01,38,39.47,11.54,1.0,0.0,0.0,0.0,01:50,74.0,-10.0,39.0,1620.0,14:39,12:58,00:01,01:39,0.0,0.0,0.0,0.0,0.0,0.0,0.0,0.0,0.0,0.0,0.0,0.0,0.0,0.0,0.0,0.0,0.0,0.0,0.0,0.0
159,8478843,20182019,22.03467559224351,"5' 9""",182,644:28,9.0,7.0,14.0,66.0,50.0,40.0,0.0,1.0,25:14,592:05,14,39.13,10.61,0.0,0.0,0.0,0.0,27:09,21.0,-10.0,16.0,944.0,12:53,11:50,00:32,00:30,0.0,0.0,0.0,0.0,0.0,0.0,0.0,0.0,0.0,0.0,0.0,0.0,0.0,0.0,0.0,0.0,0.0,0.0,0.0,0.0
160,8479388,20182019,20.89844418434328,"6' 1""",196,11:22,0.0,0.0,2.0,1.0,1.0,5.0,0.0,0.0,00:00,11:22,2,0.0,0.0,0.0,0.0,0.0,0.0,00:00,0.0,0.0,0.0,19.0,11:22,11:22,00:00,00:00,0.0,0.0,0.0,0.0,0.0,0.0,0.0,0.0,0.0,0.0,0.0,0.0,0.0,0.0,0.0,0.0,0.0,0.0,0.0,0.0
161,8479404,20182019,21.48709419084581,"6' 3""",199,600:09,10.0,8.0,4.0,54.0,50.0,11.0,3.0,7.0,55:37,543:30,4,40.74,14.81,0.0,0.0,0.0,0.0,01:02,12.0,-14.0,18.0,852.0,12:00,10:52,00:01,01:06,0.0,0.0,0.0,0.0,0.0,0.0,0.0,0.0,0.0,0.0,0.0,0.0,0.0,0.0,0.0,0.0,0.0,0.0,0.0,0.0
162,8479439,20182019,25.92797935618117,"6' 0""",204,24:06,0.0,1.0,0.0,1.0,2.0,1.0,0.0,0.0,01:20,22:46,0,0.0,100.0,0.0,0.0,0.0,0.0,00:00,1.0,1.0,1.0,33.0,12:03,11:23,00:00,00:40,0.0,0.0,0.0,0.0,0.0,0.0,0.0,0.0,0.0,0.0,0.0,0.0,0.0,0.0,0.0,0.0,0.0,0.0,0.0,0.0
163,8479447,20182019,25.33659144267165,"5' 10""",179,09:30,0.0,0.0,0.0,2.0,1.0,0.0,0.0,0.0,00:00,09:30,0,0.0,0.0,0.0,0.0,0.0,0.0,00:00,0.0,-3.0,0.0,16.0,09:30,09:30,00:00,00:00,0.0,0.0,0.0,0.0,0.0,0.0,0.0,0.0,0.0,0.0,0.0,0.0,0.0,0.0,0.0,0.0,0.0,0.0,0.0,0.0
164,8479553,20182019,24.049775149387052,"6' 2""",206,51:26,0.0,0.0,5.0,8.0,7.0,10.0,0.0,0.0,00:27,50:59,5,0.0,0.0,0.0,0.0,0.0,0.0,00:00,1.0,-2.0,0.0,79.0,07:20,07:17,00:00,00:03,0.0,0.0,0.0,0.0,0.0,0.0,0.0,0.0,0.0,0.0,0.0,0.0,0.0,0.0,0.0,0.0,0.0,0.0,0.0,0.0
165,8480955,20182019,28.961580319924433,"6' 0""",202,475:20,8.0,0.0,12.0,14.0,32.0,49.0,0.0,0.0,00:18,448:54,12,0.0,0.0,0.0,0.0,0.0,0.0,26:08,21.0,-3.0,8.0,628.0,14:51,14:01,00:49,00:00,0.0,0.0,0.0,0.0,0.0,0.0,0.0,0.0,0.0,0.0,0.0,0.0,0.0,0.0,0.0,0.0,0.0,0.0,0.0,0.0
166,8481442,20182019,22.6561804828299,"6' 2""",197,12:40,0.0,0.0,0.0,1.0,1.0,2.0,0.0,0.0,00:00,12:40,0,0.0,0.0,0.0,0.0,0.0,0.0,00:00,1.0,1.0,0.0,18.0,12:40,12:40,00:00,00:00,0.0,0.0,0.0,0.0,0.0,0.0,0.0,0.0,0.0,0.0,0.0,0.0,0.0,0.0,0.0,0.0,0.0,0.0,0.0,0.0
167,8466141,20182019,39.82833323066182,"6' 3""",215,2346:38,0.0,0.0,0.0,0.0,43.0,0.0,0.0,0.0,0,0,0,0.0,0.0,0.0,0.0,0.0,0.0,0,0.0,0.0,0.0,0.0,54:34,0,0,0,5.0,1.0,18.0,16.0,1083.0,96.0,33.0,954.0,42.0,1053.0,110.0,0.898755,3.119362,40.0,1205.0,122.0,87.27272727272727,78.57142857142857,90.5982905982906,0.0
168,8473503,20182019,30.88085313182338,"6' 3""",205,1805:11,0.0,0.0,0.0,0.0,36.0,0.0,0.0,0.0,0,0,0,0.0,0.0,0.0,0.0,0.0,0.0,0,0.0,0.0,0.0,0.0,50:08,0,0,0,5.0,0.0,13.0,12.0,836.0,93.0,30.0,713.0,33.0,785.0,111.0,0.899892,3.091099,29.0,929.0,93.0,83.78378378378379,90.9090909090909,90.828025477707,0.0
169,8474636,20182019,28.91777380781262,"6' 3""",201,496:10,0.0,0.0,0.0,0.0,9.0,0.0,0.0,0.0,0,0,0,0.0,0.0,0.0,0.0,0.0,0.0,0,0.0,0.0,0.0,0.0,55:07,0,0,0,2.0,1.0,3.0,4.0,212.0,26.0,5.0,181.0,6.0,201.0,32.0,0.887029,3.265032,8.0,239.0,27.0,81.25,83.33333333333334,90.04975124378109,0.0
170,8478470,20182019,22.25370815280259,"6' 3""",214,591:24,0.0,0.0,0.0,0.0,11.0,0.0,0.0,0.0,0,0,0,0.0,0.0,0.0,0.0,0.0,0.0,0,0.0,0.0,0.0,0.0,53:45,0,0,0,2.0,0.0,4.0,3.0,252.0,22.0,11.0,219.0,11.0,244.0,27.0,0.893617,3.043625,10.0,282.0,30.0,81.48148148148148,100.0,89.75409836065575,0.0
171,8470619,20192020,35.11913317864159,"6' 6""",245,482:38,9.0,6.0,17.0,56.0,39.0,65.0,1.0,1.0,34:35,427:58,17,52.39,10.7,1.0,0.0,0.0,0.0,20:05,34.0,-5.0,15.0,641.0,12:22,10:58,00:30,00:53,0.0,0.0,0.0,0.0,0.0,0.0,0.0,0.0,0.0,0.0,0.0,0.0,0.0,0.0,0.0,0.0,0.0,0.0,0.0,0.0
172,8471735,20192020,33.39425176423883,"6' 1""",192,1359:04,40.0,5.0,20.0,129.0,69.0,18.0,2.0,21.0,255:42,1099:31,20,0.0,3.9,0.0,0.0,0.0,0.0,03:51,51.0,0.0,45.0,1506.0,19:41,15:56,00:03,03:42,0.0,0.0,0.0,0.0,0.0,0.0,0.0,0.0,0.0,0.0,0.0,0.0,0.0,0.0,0.0,0.0,0.0,0.0,0.0,0.0
173,8471873,20192020,33.50103013751138,"5' 11""",193,1453:31,14.0,5.0,14.0,89.0,69.0,68.0,0.0,0.0,05:55,1275:40,14,0.0,5.6,3.0,0.0,0.0,1.0,171:56,96.0,-6.0,19.0,1785.0,21:03,18:29,02:29,00:05,0.0,0.0,0.0,0.0,0.0,0.0,0.0,0.0,0.0,0.0,0.0,0.0,0.0,0.0,0.0,0.0,0.0,0.0,0.0,0.0
174,8474098,20192020,30.78228847957179,"6' 0""",190,913:58,10.0,6.0,6.0,114.0,69.0,91.0,0.0,0.0,01:23,740:03,6,43.91,5.3,0.0,0.0,0.0,0.0,172:32,72.0,2.0,16.0,1267.0,13:14,10:43,02:30,00:01,0.0,0.0,0.0,0.0,0.0,0.0,0.0,0.0,0.0,0.0,0.0,0.0,0.0,0.0,0.0,0.0,0.0,0.0,0.0,0.0
175,8474149,20192020,30.889066852844344,"5' 11""",189,1180:16,22.0,25.0,10.0,167.0,69.0,29.0,11.0,17.0,230:33,948:59,10,0.0,15.0,2.0,0.0,0.0,0.0,00:44,24.0,-7.0,47.0,1399.0,17:06,13:45,00:00,03:20,0.0,0.0,0.0,0.0,0.0,0.0,0.0,0.0,0.0,0.0,0.0,0.0,0.0,0.0,0.0,0.0,0.0,0.0,0.0,0.0
176,8474884,20192020,30.185424752048295,"6' 0""",190,1161:48,30.0,29.0,28.0,214.0,69.0,33.0,11.0,21.0,252:23,907:47,28,46.66,13.6,3.0,0.0,0.0,0.0,01:38,22.0,-5.0,59.0,1357.0,16:50,13:09,00:01,03:39,0.0,0.0,0.0,0.0,0.0,0.0,0.0,0.0,0.0,0.0,0.0,0.0,0.0,0.0,0.0,0.0,0.0,0.0,0.0,0.0
177,8475287,20192020,28.86027776066586,"5' 11""",191,759:52,12.0,12.0,22.0,92.0,48.0,27.0,4.0,8.0,110:23,612:35,22,54.11,13.0,2.0,0.0,0.0,0.0,36:54,15.0,1.0,24.0,973.0,15:49,12:45,00:46,02:17,0.0,0.0,0.0,0.0,0.0,0.0,0.0,0.0,0.0,0.0,0.0,0.0,0.0,0.0,0.0,0.0,0.0,0.0,0.0,0.0
178,8475792,20192020,27.748687515828525,"6' 3""",198,1000:06,14.0,19.0,26.0,117.0,69.0,56.0,4.0,6.0,90:06,909:23,26,35.29,16.2,3.0,0.0,0.0,0.0,00:37,17.0,-3.0,33.0,1263.0,14:29,13:10,00:00,01:18,0.0,0.0,0.0,0.0,0.0,0.0,0.0,0.0,0.0,0.0,0.0,0.0,0.0,0.0,0.0,0.0,0.0,0.0,0.0,0.0
179,8475796,20192020,28.05533310061124,"6' 1""",205,739:35,9.0,9.0,20.0,64.0,58.0,47.0,0.0,0.0,00:35,703:35,20,50.0,14.1,1.0,0.0,0.0,0.0,35:25,38.0,4.0,18.0,997.0,12:45,12:07,00:36,00:00,0.0,0.0,0.0,0.0,0.0,0.0,0.0,0.0,0.0,0.0,0.0,0.0,0.0,0.0,0.0,0.0,0.0,0.0,0.0,0.0
180,8476389,20192020,26.557697967788524,"5' 11""",184,1036:59,27.0,11.0,49.0,141.0,62.0,101.0,1.0,7.0,122:21,882:29,49,52.16,7.8,2.0,1.0,1.0,1.0,32:09,37.0,-8.0,38.0,1286.0,16:43,14:14,00:31,01:58,0.0,0.0,0.0,0.0,0.0,0.0,0.0,0.0,0.0,0.0,0.0,0.0,0.0,0.0,0.0,0.0,0.0,0.0,0.0,0.0
181,8476456,20192020,26.659000527047098,"6' 1""",200,1295:13,55.0,23.0,30.0,152.0,69.0,51.0,5.0,29.0,246:26,1047:09,30,39.34,15.1,3.0,1.0,0.0,0.0,01:38,26.0,5.0,78.0,1490.0,18:46,15:10,00:01,03:34,0.0,0.0,0.0,0.0,0.0,0.0,0.0,0.0,0.0,0.0,0.0,0.0,0.0,0.0,0.0,0.0,0.0,0.0,0.0,0.0
182,8476875,20192020,25.92524144917418,"6' 2""",193,1064:06,12.0,8.0,14.0,104.0,59.0,44.0,1.0,2.0,12:24,980:02,14,0.0,7.7,1.0,0.0,0.0,0.0,71:40,53.0,-1.0,20.0,1268.0,18:02,16:36,01:12,00:12,0.0,0.0,0.0,0.0,0.0,0.0,0.0,0.0,0.0,0.0,0.0,0.0,0.0,0.0,0.0,0.0,0.0,0.0,0.0,0.0
183,8476952,20192020,25.897862379104293,"6' 2""",191,512:32,7.0,4.0,37.0,38.0,46.0,57.0,0.0,0.0,04:50,487:41,37,47.05,10.5,0.0,0.0,0.0,0.0,20:01,28.0,4.0,11.0,711.0,11:08,10:36,00:26,00:06,0.0,0.0,0.0,0.0,0.0,0.0,0.0,0.0,0.0,0.0,0.0,0.0,0.0,0.0,0.0,0.0,0.0,0.0,0.0,0.0
184,8477346,20192020,26.064874706530592,"6' 0""",206,905:15,11.0,7.0,33.0,77.0,45.0,76.0,0.0,0.0,09:18,815:15,33,0.0,9.1,1.0,0.0,0.0,0.0,80:42,71.0,6.0,18.0,1133.0,20:07,18:07,01:47,00:12,0.0,0.0,0.0,0.0,0.0,0.0,0.0,0.0,0.0,0.0,0.0,0.0,0.0,0.0,0.0,0.0,0.0,0.0,0.0,0.0
185,8477384,20192020,26.026544008432754,"6' 5""",220,751:24,5.0,3.0,39.0,48.0,56.0,77.0,0.0,0.0,00:12,727:22,39,0.0,6.3,1.0,0.0,0.0,0.0,23:50,53.0,1.0,8.0,964.0,13:25,12:59,00:25,00:00,0.0,0.0,0.0,0.0,0.0,0.0,0.0,0.0,0.0,0.0,0.0,0.0,0.0,0.0,0.0,0.0,0.0,0.0,0.0,0.0
186,8477493,20192020,24.413916781316523,"6' 3""",215,1321:00,42.0,20.0,18.0,172.0,66.0,21.0,7.0,20.0,223:45,1023:46,18,54.28,11.6,2.0,0.0,0.0,1.0,73:29,35.0,2.0,62.0,1529.0,20:00,15:30,01:06,03:23,0.0,0.0,0.0,0.0,0.0,0.0,0.0,0.0,0.0,0.0,0.0,0.0,0.0,0.0,0.0,0.0,0.0,0.0,0.0,0.0
187,8477932,20192020,23.98132747421234,"6' 4""",215,1539:25,36.0,5.0,26.0,147.0,67.0,34.0,0.0,6.0,96:47,1306:29,26,0.0,3.4,1.0,1.0,0.0,1.0,136:09,84.0,12.0,41.0,1838.0,22:58,19:29,02:01,01:26,0.0,0.0,0.0,0.0,0.0,0.0,0.0,0.0,0.0,0.0,0.0,0.0,0.0,0.0,0.0,0.0,0.0,0.0,0.0,0.0
188,8477963,20192020,24.082630033470913,"5' 11""",196,288:26,7.0,3.0,16.0,26.0,26.0,65.0,0.0,0.0,03:49,284:13,16,33.33,11.5,0.0,0.0,0.0,0.0,00:24,9.0,1.0,10.0,409.0,11:05,10:55,00:00,00:08,0.0,0.0,0.0,0.0,0.0,0.0,0.0,0.0,0.0,0.0,0.0,0.0,0.0,0.0,0.0,0.0,0.0,0.0,0.0,0.0
189,8478027,20192020,24.405703060295558,"6' 0""",178,856:28,13.0,12.0,18.0,84.0,67.0,57.0,3.0,6.0,70:17,713:06,18,50.33,14.3,0.0,0.0,0.0,1.0,73:05,26.0,0.0,25.0,1222.0,12:46,10:38,01:05,01:02,0.0,0.0,0.0,0.0,0.0,0.0,0.0,0.0,0.0,0.0,0.0,0.0,0.0,0.0,0.0,0.0,0.0,0.0,0.0,0.0
190,8478211,20192020,24.186670499736476,"6' 0""",193,220:21,4.0,0.0,24.0,33.0,21.0,37.0,0.0,0.0,01:36,218:45,24,0.0,0.0,0.0,0.0,0.0,0.0,00:00,7.0,0.0,4.0,308.0,10:29,10:25,00:00,00:04,0.0,0.0,0.0,0.0,0.0,0.0,0.0,0.0,0.0,0.0,0.0,0.0,0.0,0.0,0.0,0.0,0.0,0.0,0.0,0.0
191,8478366,20192020,25.88417284406935,"5' 11""",197,1036:10,18.0,16.0,30.0,162.0,69.0,102.0,2.0,2.0,100:27,849:07,30,30.0,9.9,4.0,0.0,2.0,2.0,86:36,43.0,-8.0,34.0,1361.0,15:01,12:18,01:15,01:27,0.0,0.0,0.0,0.0,0.0,0.0,0.0,0.0,0.0,0.0,0.0,0.0,0.0,0.0,0.0,0.0,0.0,0.0,0.0,0.0
192,8478569,20192020,28.167587287897767,"5' 10""",209,1053:47,7.0,20.0,21.0,108.0,66.0,121.0,0.0,0.0,05:27,880:50,21,47.98,18.5,5.0,0.0,1.0,1.0,167:30,103.0,2.0,27.0,1429.0,15:57,13:20,02:32,00:04,0.0,0.0,0.0,0.0,0.0,0.0,0.0,0.0,0.0,0.0,0.0,0.0,0.0,0.0,0.0,0.0,0.0,0.0,0.0,0.0
193,8478839,20192020,23.064128626871188,"5' 10""",200,110:14,2.0,2.0,0.0,15.0,9.0,1.0,0.0,1.0,02:49,107:25,0,35.29,13.3,0.0,0.0,0.0,0.0,00:00,3.0,2.0,4.0,134.0,12:14,11:56,00:00,00:18,0.0,0.0,0.0,0.0,0.0,0.0,0.0,0.0,0.0,0.0,0.0,0.0,0.0,0.0,0.0,0.0,0.0,0.0,0.0,0.0
194,8478843,20192020,23.034011649794316,"5' 9""",182,527:35,8.0,4.0,14.0,50.0,44.0,35.0,1.0,1.0,39:24,479:29,14,39.87,8.0,0.0,0.0,0.0,1.0,08:42,16.0,-9.0,12.0,725.0,11:59,10:53,00:11,00:53,0.0,0.0,0.0,0.0,0.0,0.0,0.0,0.0,0.0,0.0,0.0,0.0,0.0,0.0,0.0,0.0,0.0,0.0,0.0,0.0
195,8479388,20192020,21.897780241894083,"6' 1""",196,650:02,5.0,0.0,14.0,39.0,34.0,59.0,0.0,0.0,01:30,567:50,14,0.0,0.0,0.0,0.0,0.0,0.0,80:42,57.0,-3.0,5.0,837.0,19:07,16:42,02:22,00:02,0.0,0.0,0.0,0.0,0.0,0.0,0.0,0.0,0.0,0.0,0.0,0.0,0.0,0.0,0.0,0.0,0.0,0.0,0.0,0.0
196,8479404,20192020,22.486430248396612,"6' 3""",199,49:32,0.0,0.0,2.0,3.0,4.0,1.0,0.0,0.0,06:03,42:44,2,48.14,0.0,0.0,0.0,0.0,0.0,00:45,0.0,-2.0,0.0,69.0,12:23,10:41,00:11,01:30,0.0,0.0,0.0,0.0,0.0,0.0,0.0,0.0,0.0,0.0,0.0,0.0,0.0,0.0,0.0,0.0,0.0,0.0,0.0,0.0
197,8475683,20192020,31.362724765053354,"6' 2""",182,2805:59,0.0,0.0,0.0,0.0,50.0,0.0,0.0,0.0,0,0,0,0.0,0.0,0.0,0.0,0.0,0.0,0,0.0,0.0,0.0,0.0,56:07,0,0,0,6.0,1.0,23.0,19.0,1354.0,190.0,48.0,1116.0,51.0,1236.0,218.0,0.9,3.2288,49.0,1505.0,151.0,87.1559633027523,94.11764705882352,90.29126213592234,0.0
198,8476904,20192020,25.706208888615098,"6' 4""",208,642:40,0.0,0.0,0.0,0.0,12.0,0.0,0.0,0.0,0,0,0,0.0,0.0,0.0,0.0,0.0,0.0,0,0.0,0.0,0.0,0.0,53:33,0,0,0,1.0,1.0,7.0,2.0,332.0,37.0,8.0,287.0,9.0,304.0,41.0,0.938,2.0539,11.0,354.0,22.0,90.2439024390244,88.88888888888889,94.4078947368421,0.0
199,8478470,20192020,23.253044210353394,"6' 3""",214,700:45,0.0,0.0,0.0,0.0,14.0,0.0,0.0,0.0,0,0,0,0.0,0.0,0.0,0.0,0.0,0.0,0,0.0,0.0,0.0,0.0,50:03,0,0,0,1.0,0.0,5.0,5.0,317.0,38.0,10.0,269.0,10.0,300.0,46.0,0.89,3.3393,9.0,356.0,39.0,82.6086956521739,100.0,89.66666666666666,0.0
200,8471735,20202021,34.39632572879662,"6' 1""",192,965:32,24.0,3.0,38.0,113.0,56.0,18.0,1.0,18.0,249:10,714:14,38,0.0,2.7,1.0,0.0,0.0,0.0,02:08,27.0,-8.0,27.0,1153.0,17:14,12:45,00:02,04:26,0.0,0.0,0.0,0.0,0.0,0.0,0.0,0.0,0.0,0.0,0.0,0.0,0.0,0.0,0.0,0.0,0.0,0.0,0.0,0.0
201,8471873,20202021,34.50310410206917,"5' 11""",193,720:05,6.0,3.0,8.0,38.0,38.0,37.0,0.0,0.0,27:15,630:32,8,0.0,7.9,0.0,0.0,0.0,0.0,62:18,30.0,-1.0,9.0,950.0,18:56,16:35,01:38,00:43,0.0,0.0,0.0,0.0,0.0,0.0,0.0,0.0,0.0,0.0,0.0,0.0,0.0,0.0,0.0,0.0,0.0,0.0,0.0,0.0
202,8471887,20202021,34.084204329999935,"5' 11""",189,738:28,18.0,14.0,39.0,145.0,44.0,80.0,8.0,12.0,180:27,557:39,39,14.28,9.7,2.0,0.0,0.0,0.0,00:22,23.0,-3.0,32.0,871.0,16:47,12:40,00:00,04:06,0.0,0.0,0.0,0.0,0.0,0.0,0.0,0.0,0.0,0.0,0.0,0.0,0.0,0.0,0.0,0.0,0.0,0.0,0.0,0.0
203,8475246,20202021,30.938349178970135,"6' 2""",205,99:30,1.0,0.0,7.0,5.0,7.0,12.0,0.0,0.0,00:16,96:27,7,0.0,0.0,0.0,0.0,0.0,0.0,02:47,3.0,4.0,1.0,135.0,14:12,13:46,00:23,00:02,0.0,0.0,0.0,0.0,0.0,0.0,0.0,0.0,0.0,0.0,0.0,0.0,0.0,0.0,0.0,0.0,0.0,0.0,0.0,0.0
204,8475462,20202021,30.65908266425731,"6' 0""",208,948:45,9.0,2.0,40.0,84.0,54.0,250.0,0.0,0.0,02:46,839:42,40,0.0,2.4,1.0,0.0,0.0,0.0,106:17,72.0,6.0,11.0,1283.0,17:34,15:33,01:58,00:03,0.0,0.0,0.0,0.0,0.0,0.0,0.0,0.0,0.0,0.0,0.0,0.0,0.0,0.0,0.0,0.0,0.0,0.0,0.0,0.0
205,8475792,20202021,28.75076148038632,"6' 3""",198,376:29,3.0,3.0,4.0,26.0,31.0,44.0,0.0,1.0,25:50,350:25,4,30.76,11.5,0.0,0.0,0.0,0.0,00:14,8.0,3.0,6.0,493.0,12:08,11:18,00:00,00:50,0.0,0.0,0.0,0.0,0.0,0.0,0.0,0.0,0.0,0.0,0.0,0.0,0.0,0.0,0.0,0.0,0.0,0.0,0.0,0.0
206,8476456,20202021,27.661074491604893,"6' 1""",200,1012:34,41.0,20.0,36.0,122.0,55.0,51.0,5.0,24.0,237:16,774:12,36,43.59,16.4,1.0,1.0,0.0,0.0,01:06,11.0,12.0,61.0,1166.0,18:24,14:04,00:01,04:18,0.0,0.0,0.0,0.0,0.0,0.0,0.0,0.0,0.0,0.0,0.0,0.0,0.0,0.0,0.0,0.0,0.0,0.0,0.0,0.0
207,8476994,20202021,26.831488668487374,"5' 10""",183,319:08,8.0,4.0,8.0,33.0,26.0,37.0,0.0,0.0,06:50,304:11,8,15.0,12.1,0.0,0.0,0.0,0.0,08:07,3.0,0.0,12.0,407.0,12:16,11:41,00:18,00:15,0.0,0.0,0.0,0.0,0.0,0.0,0.0,0.0,0.0,0.0,0.0,0.0,0.0,0.0,0.0,0.0,0.0,0.0,0.0,0.0
208,8477038,20202021,28.56732171091809,"5' 9""",163,444:55,6.0,4.0,2.0,72.0,31.0,4.0,0.0,2.0,80:43,364:12,2,0.0,5.6,0.0,0.0,0.0,0.0,00:00,1.0,-12.0,10.0,554.0,14:21,11:44,00:00,02:36,0.0,0.0,0.0,0.0,0.0,0.0,0.0,0.0,0.0,0.0,0.0,0.0,0.0,0.0,0.0,0.0,0.0,0.0,0.0,0.0
209,8477346,20202021,27.066948671088387,"6' 0""",206,1194:16,30.0,6.0,45.0,101.0,54.0,118.0,0.0,3.0,22:49,1027:35,45,0.0,5.9,1.0,0.0,0.0,2.0,143:52,83.0,29.0,36.0,1513.0,22:06,19:01,02:39,00:25,0.0,0.0,0.0,0.0,0.0,0.0,0.0,0.0,0.0,0.0,0.0,0.0,0.0,0.0,0.0,0.0,0.0,0.0,0.0,0.0
210,8477407,20202021,25.435156094923236,"5' 11""",197,674:26,22.0,10.0,18.0,104.0,43.0,32.0,1.0,2.0,57:02,592:31,18,0.0,9.6,1.0,0.0,0.0,1.0,24:53,9.0,27.0,32.0,900.0,15:41,13:46,00:34,01:19,0.0,0.0,0.0,0.0,0.0,0.0,0.0,0.0,0.0,0.0,0.0,0.0,0.0,0.0,0.0,0.0,0.0,0.0,0.0,0.0
211,8477409,20202021,25.468010979007097,"6' 2""",180,762:32,18.0,18.0,31.0,107.0,43.0,33.0,1.0,2.0,58:53,693:10,31,46.93,16.8,3.0,0.0,1.0,1.0,10:29,14.0,24.0,36.0,932.0,17:44,16:07,00:14,01:22,0.0,0.0,0.0,0.0,0.0,0.0,0.0,0.0,0.0,0.0,0.0,0.0,0.0,0.0,0.0,0.0,0.0,0.0,0.0,0.0
212,8477493,20202021,25.415990745874318,"6' 3""",215,1046:52,32.0,26.0,14.0,176.0,50.0,31.0,7.0,19.0,199:33,776:04,14,54.87,14.8,6.0,2.0,1.0,1.0,71:15,37.0,12.0,58.0,1208.0,20:56,15:31,01:25,03:59,0.0,0.0,0.0,0.0,0.0,0.0,0.0,0.0,0.0,0.0,0.0,0.0,0.0,0.0,0.0,0.0,0.0,0.0,0.0,0.0
213,8477505,20202021,26.360568663285353,"6' 2""",190,1017:21,12.0,17.0,8.0,82.0,56.0,29.0,3.0,6.0,107:47,766:55,8,49.23,20.7,2.0,1.0,1.0,1.0,142:39,36.0,6.0,29.0,1290.0,18:10,13:41,02:32,01:55,0.0,0.0,0.0,0.0,0.0,0.0,0.0,0.0,0.0,0.0,0.0,0.0,0.0,0.0,0.0,0.0,0.0,0.0,0.0,0.0
214,8477932,20202021,24.983401438770134,"6' 4""",215,878:11,11.0,11.0,33.0,101.0,35.0,24.0,6.0,11.0,135:50,654:16,33,0.0,10.9,3.0,1.0,0.0,0.0,88:05,27.0,5.0,22.0,1018.0,25:05,18:41,02:31,03:52,0.0,0.0,0.0,0.0,0.0,0.0,0.0,0.0,0.0,0.0,0.0,0.0,0.0,0.0,0.0,0.0,0.0,0.0,0.0,0.0
215,8477935,20202021,24.61652189983367,"6' 1""",195,692:14,17.0,10.0,52.0,106.0,48.0,108.0,1.0,3.0,58:27,587:56,52,47.51,9.4,4.0,1.0,0.0,0.0,45:51,18.0,-2.0,27.0,938.0,14:25,12:14,00:57,01:13,0.0,0.0,0.0,0.0,0.0,0.0,0.0,0.0,0.0,0.0,0.0,0.0,0.0,0.0,0.0,0.0,0.0,0.0,0.0,0.0
216,8477986,20202021,26.809585412431467,"6' 0""",194,1024:18,11.0,7.0,40.0,94.0,50.0,54.0,0.0,1.0,26:14,911:01,40,0.0,7.4,0.0,0.0,2.0,2.0,87:03,62.0,-5.0,18.0,1190.0,20:29,18:13,01:44,00:31,0.0,0.0,0.0,0.0,0.0,0.0,0.0,0.0,0.0,0.0,0.0,0.0,0.0,0.0,0.0,0.0,0.0,0.0,0.0,0.0
217,8477996,20202021,25.00804260183303,"6' 2""",191,476:34,1.0,4.0,10.0,43.0,44.0,50.0,0.0,0.0,03:30,430:14,10,44.92,9.3,0.0,0.0,1.0,1.0,42:50,16.0,-8.0,5.0,713.0,10:49,09:46,00:58,00:04,0.0,0.0,0.0,0.0,0.0,0.0,0.0,0.0,0.0,0.0,0.0,0.0,0.0,0.0,0.0,0.0,0.0,0.0,0.0,0.0
218,8478027,20202021,25.407777024853353,"6' 0""",178,227:42,3.0,0.0,6.0,11.0,20.0,25.0,0.0,2.0,04:47,202:31,6,41.35,0.0,0.0,0.0,0.0,1.0,20:24,6.0,-4.0,3.0,319.0,11:23,10:07,01:01,00:14,0.0,0.0,0.0,0.0,0.0,0.0,0.0,0.0,0.0,0.0,0.0,0.0,0.0,0.0,0.0,0.0,0.0,0.0,0.0,0.0
219,8478055,20202021,24.638425155889582,"6' 0""",186,857:33,12.0,5.0,8.0,94.0,43.0,30.0,1.0,4.0,19:35,730:56,8,0.0,5.3,0.0,0.0,0.0,0.0,107:02,42.0,17.0,17.0,1114.0,19:56,16:59,02:29,00:27,0.0,0.0,0.0,0.0,0.0,0.0,0.0,0.0,0.0,0.0,0.0,0.0,0.0,0.0,0.0,0.0,0.0,0.0,0.0,0.0
220,8478366,20202021,26.886246808627146,"5' 11""",197,812:55,8.0,18.0,26.0,158.0,56.0,69.0,2.0,4.0,87:41,718:36,26,20.0,11.4,7.0,3.0,0.0,0.0,06:38,21.0,8.0,26.0,1045.0,14:30,12:49,00:07,01:33,0.0,0.0,0.0,0.0,0.0,0.0,0.0,0.0,0.0,0.0,0.0,0.0,0.0,0.0,0.0,0.0,0.0,0.0,0.0,0.0
221,8478454,20202021,23.83348049583496,"6' 2""",201,47:52,0.0,0.0,0.0,5.0,4.0,9.0,0.0,0.0,00:00,46:40,0,0.0,0.0,0.0,0.0,0.0,0.0,01:12,4.0,-3.0,0.0,71.0,11:58,11:40,00:18,00:00,0.0,0.0,0.0,0.0,0.0,0.0,0.0,0.0,0.0,0.0,0.0,0.0,0.0,0.0,0.0,0.0,0.0,0.0,0.0,0.0
222,8478569,20202021,29.169661252455562,"5' 10""",209,631:08,7.0,4.0,9.0,68.0,41.0,91.0,1.0,3.0,18:36,502:55,9,52.4,5.9,1.0,0.0,0.0,1.0,109:37,63.0,0.0,11.0,847.0,15:23,12:15,02:40,00:27,0.0,0.0,0.0,0.0,0.0,0.0,0.0,0.0,0.0,0.0,0.0,0.0,0.0,0.0,0.0,0.0,0.0,0.0,0.0,0.0
223,8478906,20202021,26.65626262004011,"6' 1""",187,479:16,10.0,0.0,12.0,45.0,30.0,35.0,0.0,0.0,15:12,454:25,12,0.0,0.0,0.0,0.0,0.0,0.0,09:39,13.0,1.0,10.0,655.0,15:58,15:08,00:19,00:30,0.0,0.0,0.0,0.0,0.0,0.0,0.0,0.0,0.0,0.0,0.0,0.0,0.0,0.0,0.0,0.0,0.0,0.0,0.0,0.0
224,8478975,20202021,25.624071678405443,"6' 4""",210,466:29,8.0,2.0,18.0,50.0,33.0,73.0,0.0,0.0,28:45,436:09,18,38.23,4.0,0.0,0.0,0.0,0.0,01:35,8.0,4.0,10.0,611.0,14:08,13:13,00:02,00:52,0.0,0.0,0.0,0.0,0.0,0.0,0.0,0.0,0.0,0.0,0.0,0.0,0.0,0.0,0.0,0.0,0.0,0.0,0.0,0.0
225,8479066,20202021,26.147011916740247,"5' 9""",187,330:25,2.0,2.0,67.0,47.0,34.0,90.0,0.0,0.0,01:21,313:58,67,0.0,4.3,0.0,0.0,0.0,0.0,15:06,10.0,-2.0,4.0,465.0,09:43,09:14,00:26,00:02,0.0,0.0,0.0,0.0,0.0,0.0,0.0,0.0,0.0,0.0,0.0,0.0,0.0,0.0,0.0,0.0,0.0,0.0,0.0,0.0
226,8479388,20202021,22.899854206451877,"6' 1""",196,322:39,0.0,1.0,16.0,29.0,21.0,51.0,0.0,0.0,00:16,300:13,16,0.0,3.4,0.0,0.0,0.0,0.0,22:10,29.0,5.0,1.0,413.0,15:21,14:17,01:03,00:00,0.0,0.0,0.0,0.0,0.0,0.0,0.0,0.0,0.0,0.0,0.0,0.0,0.0,0.0,0.0,0.0,0.0,0.0,0.0,0.0
227,8480015,20202021,21.95801419604783,"6' 1""",207,516:39,11.0,7.0,6.0,86.0,45.0,59.0,2.0,3.0,35:08,481:26,6,66.66,8.1,2.0,0.0,0.0,0.0,00:05,5.0,-5.0,18.0,683.0,11:28,10:41,00:00,00:46,0.0,0.0,0.0,0.0,0.0,0.0,0.0,0.0,0.0,0.0,0.0,0.0,0.0,0.0,0.0,0.0,0.0,0.0,0.0,0.0
228,8480037,20202021,22.062054662313393,"5' 10""",155,110:08,1.0,1.0,2.0,15.0,9.0,0.0,0.0,0.0,01:28,107:22,2,0.0,6.7,1.0,1.0,0.0,0.0,01:18,1.0,1.0,2.0,150.0,12:14,11:55,00:08,00:09,0.0,0.0,0.0,0.0,0.0,0.0,0.0,0.0,0.0,0.0,0.0,0.0,0.0,0.0,0.0,0.0,0.0,0.0,0.0,0.0
229,8480185,20202021,22.41524466621491,"6' 3""",190,578:01,5.0,3.0,12.0,34.0,44.0,55.0,0.0,0.0,01:35,483:20,12,47.99,8.8,1.0,0.0,0.0,0.0,93:06,25.0,-11.0,8.0,821.0,13:08,10:59,02:06,00:02,0.0,0.0,0.0,0.0,0.0,0.0,0.0,0.0,0.0,0.0,0.0,0.0,0.0,0.0,0.0,0.0,0.0,0.0,0.0,0.0
230,8480844,20202021,20.605488134595507,"5' 11""",186,83:35,4.0,0.0,2.0,6.0,7.0,15.0,0.0,0.0,01:10,82:25,2,50.0,0.0,0.0,0.0,0.0,0.0,00:00,2.0,1.0,4.0,115.0,11:56,11:46,00:00,00:10,0.0,0.0,0.0,0.0,0.0,0.0,0.0,0.0,0.0,0.0,0.0,0.0,0.0,0.0,0.0,0.0,0.0,0.0,0.0,0.0
231,8481442,20202021,24.6575905049385,"6' 2""",197,09:28,0.0,0.0,0.0,0.0,1.0,1.0,0.0,0.0,02:16,07:12,0,0.0,0.0,0.0,0.0,0.0,0.0,00:00,0.0,0.0,0.0,12.0,09:28,07:12,00:00,02:16,0.0,0.0,0.0,0.0,0.0,0.0,0.0,0.0,0.0,0.0,0.0,0.0,0.0,0.0,0.0,0.0,0.0,0.0,0.0,0.0
232,8482641,20202021,22.80128955420029,"6' 0""",181,106:12,0.0,0.0,2.0,6.0,7.0,1.0,0.0,0.0,03:47,99:24,2,0.0,0.0,0.0,0.0,0.0,0.0,03:01,10.0,-4.0,0.0,139.0,15:10,14:12,00:25,00:32,0.0,0.0,0.0,0.0,0.0,0.0,0.0,0.0,0.0,0.0,0.0,0.0,0.0,0.0,0.0,0.0,0.0,0.0,0.0,0.0
233,8475683,20202021,32.364798729611145,"6' 2""",182,1816:28,0.0,0.0,0.0,0.0,31.0,0.0,0.0,0.0,0,0,0,0.0,0.0,0.0,0.0,0.0,0.0,0,0.0,0.0,0.0,0.0,58:35,0,0,0,2.0,0.0,19.0,8.0,847.0,131.0,40.0,676.0,42.0,741.0,152.0,0.906,2.9067,30.0,935.0,88.0,86.18421052631578,95.23809523809523,91.22807017543859,0.0
234,8476904,20202021,26.708282853172893,"6' 4""",208,1361:36,0.0,0.0,0.0,0.0,23.0,0.0,0.0,0.0,0,0,0,0.0,0.0,0.0,0.0,0.0,0.0,0,0.0,0.0,0.0,0.0,59:12,0,0,0,3.0,3.0,14.0,6.0,593.0,81.0,18.0,494.0,19.0,529.0,92.0,0.927,2.0711,23.0,640.0,47.0,88.04347826086956,94.73684210526315,93.38374291115312,0.0
235,8481519,20202021,19.786853939505946,"6' 3""",192,206:54,0.0,0.0,0.0,0.0,4.0,0.0,0.0,0.0,0,0,0,0.0,0.0,0.0,0.0,0.0,0.0,0,0.0,0.0,0.0,0.0,51:43,0,0,0,0.0,0.0,4.0,0.0,91.0,7.0,3.0,81.0,3.0,87.0,9.0,0.919,2.32,3.0,99.0,8.0,77.77777777777779,100.0,93.10344827586206,0.0
236,8466138,20212022,42.585405586699245,"6' 4""",220,377:36,5.0,5.0,10.0,26.0,34.0,20.0,3.0,3.0,44:38,332:28,10,44.0,19.2,1.0,0.0,0.0,0.0,00:30,10.0,-10.0,10.0,520.0,11:06,09:46,00:00,01:18,0.0,0.0,0.0,0.0,0.0,0.0,0.0,0.0,0.0,0.0,0.0,0.0,0.0,0.0,0.0,0.0,0.0,0.0,0.0,0.0
237,8471887,20212022,35.083540387550734,"5' 11""",189,823:34,17.0,11.0,19.0,165.0,65.0,112.0,3.0,7.0,137:27,686:01,19,38.09,6.7,0.0,0.0,0.0,0.0,00:06,23.0,-5.0,28.0,1097.0,12:40,10:33,00:00,02:06,0.0,0.0,0.0,0.0,0.0,0.0,0.0,0.0,0.0,0.0,0.0,0.0,0.0,0.0,0.0,0.0,0.0,0.0,0.0,0.0
238,8473512,20212022,34.054087352923055,"5' 11""",190,1430:15,44.0,21.0,26.0,205.0,75.0,68.0,5.0,23.0,241:39,1127:05,26,60.28,10.2,0.0,0.0,0.0,0.0,61:31,16.0,-5.0,65.0,1864.0,19:04,15:01,00:49,03:13,0.0,0.0,0.0,0.0,0.0,0.0,0.0,0.0,0.0,0.0,0.0,0.0,0.0,0.0,0.0,0.0,0.0,0.0,0.0,0.0
239,8474610,20212022,32.24980663531763,"6' 2""",197,06:08,0.0,0.0,0.0,0.0,1.0,2.0,0.0,0.0,00:00,06:08,0,25.0,0.0,0.0,0.0,0.0,0.0,00:00,1.0,-1.0,0.0,8.0,06:08,06:08,00:00,00:00,0.0,0.0,0.0,0.0,0.0,0.0,0.0,0.0,0.0,0.0,0.0,0.0,0.0,0.0,0.0,0.0,0.0,0.0,0.0,0.0
240,8475246,20212022,31.93768523652094,"6' 2""",205,509:59,2.0,1.0,4.0,30.0,39.0,74.0,0.0,0.0,01:09,489:37,4,0.0,3.3,0.0,0.0,0.0,0.0,19:13,32.0,-3.0,3.0,707.0,13:04,12:33,00:29,00:01,0.0,0.0,0.0,0.0,0.0,0.0,0.0,0.0,0.0,0.0,0.0,0.0,0.0,0.0,0.0,0.0,0.0,0.0,0.0,0.0
241,8475279,20212022,30.733006153446,"6' 3""",232,1691:09,17.0,9.0,48.0,143.0,74.0,157.0,2.0,3.0,72:37,1399:06,48,0.0,6.3,1.0,1.0,0.0,1.0,219:26,130.0,-14.0,26.0,1912.0,22:51,18:54,02:57,00:58,0.0,0.0,0.0,0.0,0.0,0.0,0.0,0.0,0.0,0.0,0.0,0.0,0.0,0.0,0.0,0.0,0.0,0.0,0.0,0.0
242,8475462,20212022,31.658418721808115,"6' 0""",208,1387:12,13.0,3.0,105.0,100.0,77.0,355.0,0.0,0.0,02:46,1223:40,105,0.0,3.0,0.0,0.0,1.0,1.0,160:46,118.0,27.0,16.0,1961.0,18:00,15:53,02:05,00:02,0.0,0.0,0.0,0.0,0.0,0.0,0.0,0.0,0.0,0.0,0.0,0.0,0.0,0.0,0.0,0.0,0.0,0.0,0.0,0.0
243,8476456,20212022,28.6604105491557,"6' 1""",200,1553:58,85.0,30.0,54.0,222.0,80.0,99.0,5.0,38.0,295:08,1112:22,54,33.33,13.5,7.0,2.0,3.0,5.0,146:28,28.0,35.0,115.0,1839.0,19:25,13:54,01:49,03:41,0.0,0.0,0.0,0.0,0.0,0.0,0.0,0.0,0.0,0.0,0.0,0.0,0.0,0.0,0.0,0.0,0.0,0.0,0.0,0.0
244,8476989,20212022,28.356502871379973,"6' 3""",198,126:30,1.0,0.0,5.0,9.0,9.0,25.0,0.0,0.0,00:00,123:41,5,0.0,0.0,0.0,0.0,0.0,0.0,02:49,8.0,0.0,1.0,172.0,14:03,13:44,00:18,00:00,0.0,0.0,0.0,0.0,0.0,0.0,0.0,0.0,0.0,0.0,0.0,0.0,0.0,0.0,0.0,0.0,0.0,0.0,0.0,0.0
245,8477346,20212022,28.066284728639193,"6' 0""",206,1869:48,36.0,8.0,81.0,203.0,80.0,179.0,1.0,3.0,53:01,1595:04,81,0.0,3.9,2.0,0.0,1.0,2.0,221:43,156.0,40.0,44.0,2372.0,23:22,19:56,02:46,00:39,0.0,0.0,0.0,0.0,0.0,0.0,0.0,0.0,0.0,0.0,0.0,0.0,0.0,0.0,0.0,0.0,0.0,0.0,0.0,0.0
246,8477407,20212022,26.434492152474043,"5' 11""",197,1109:45,27.0,31.0,30.0,167.0,74.0,38.0,9.0,21.0,188:45,912:33,30,50.0,18.6,5.0,1.0,0.0,0.0,08:27,16.0,19.0,58.0,1369.0,14:59,12:19,00:06,02:33,0.0,0.0,0.0,0.0,0.0,0.0,0.0,0.0,0.0,0.0,0.0,0.0,0.0,0.0,0.0,0.0,0.0,0.0,0.0,0.0
247,8477409,20212022,26.467347036557904,"6' 2""",180,1252:08,31.0,24.0,48.0,167.0,78.0,50.0,0.0,3.0,85:31,1143:03,48,65.51,14.4,4.0,1.0,0.0,0.0,23:34,16.0,24.0,55.0,1582.0,16:03,14:39,00:18,01:05,0.0,0.0,0.0,0.0,0.0,0.0,0.0,0.0,0.0,0.0,0.0,0.0,0.0,0.0,0.0,0.0,0.0,0.0,0.0,0.0
248,8477462,20212022,26.979335646864754,"6' 2""",210,1025:14,8.0,1.0,35.0,59.0,64.0,138.0,0.0,0.0,02:07,899:53,35,0.0,1.7,0.0,0.0,0.0,0.0,123:14,102.0,-9.0,9.0,1344.0,16:01,14:03,01:55,00:01,0.0,0.0,0.0,0.0,0.0,0.0,0.0,0.0,0.0,0.0,0.0,0.0,0.0,0.0,0.0,0.0,0.0,0.0,0.0,0.0
249,8477493,20212022,26.41532680342512,"6' 3""",215,1360:19,49.0,39.0,18.0,214.0,67.0,50.0,12.0,26.0,233:37,982:02,18,56.94,18.2,5.0,2.0,4.0,5.0,144:40,42.0,36.0,88.0,1559.0,20:18,14:39,02:09,03:29,0.0,0.0,0.0,0.0,0.0,0.0,0.0,0.0,0.0,0.0,0.0,0.0,0.0,0.0,0.0,0.0,0.0,0.0,0.0,0.0
250,8477932,20212022,25.982737496320937,"6' 4""",215,1520:12,42.0,15.0,26.0,180.0,61.0,62.0,3.0,20.0,214:17,1135:14,26,0.0,8.3,2.0,2.0,0.0,3.0,170:41,69.0,38.0,57.0,1831.0,24:55,18:36,02:47,03:30,0.0,0.0,0.0,0.0,0.0,0.0,0.0,0.0,0.0,0.0,0.0,0.0,0.0,0.0,0.0,0.0,0.0,0.0,0.0,0.0
251,8477933,20212022,26.237362847970868,"6' 2""",193,1385:11,49.0,33.0,13.0,186.0,78.0,49.0,16.0,31.0,261:20,1073:35,13,48.46,17.7,6.0,0.0,0.0,2.0,50:16,30.0,25.0,82.0,1596.0,17:45,13:45,00:38,03:21,0.0,0.0,0.0,0.0,0.0,0.0,0.0,0.0,0.0,0.0,0.0,0.0,0.0,0.0,0.0,0.0,0.0,0.0,0.0,0.0
252,8477935,20212022,25.615857957384478,"6' 1""",195,1202:57,21.0,28.0,74.0,241.0,71.0,119.0,5.0,9.0,156:17,991:59,74,46.86,11.6,7.0,1.0,0.0,1.0,54:41,27.0,27.0,49.0,1494.0,16:56,13:58,00:46,02:12,0.0,0.0,0.0,0.0,0.0,0.0,0.0,0.0,0.0,0.0,0.0,0.0,0.0,0.0,0.0,0.0,0.0,0.0,0.0,0.0
253,8477986,20212022,27.808921469982273,"6' 0""",194,1449:51,26.0,11.0,48.0,153.0,81.0,64.0,1.0,8.0,111:08,1288:52,48,0.0,7.2,1.0,1.0,0.0,0.0,49:51,65.0,15.0,37.0,1912.0,17:53,15:54,00:36,01:22,0.0,0.0,0.0,0.0,0.0,0.0,0.0,0.0,0.0,0.0,0.0,0.0,0.0,0.0,0.0,0.0,0.0,0.0,0.0,0.0
254,8478055,20212022,25.637761213440385,"6' 0""",186,1506:52,27.0,10.0,18.0,145.0,71.0,45.0,0.0,0.0,12:42,1318:29,18,0.0,6.9,1.0,1.0,0.0,0.0,175:41,86.0,41.0,37.0,2054.0,21:13,18:34,02:28,00:10,0.0,0.0,0.0,0.0,0.0,0.0,0.0,0.0,0.0,0.0,0.0,0.0,0.0,0.0,0.0,0.0,0.0,0.0,0.0,0.0
255,8478366,20212022,27.885582866177952,"5' 11""",197,934:18,14.0,18.0,22.0,161.0,71.0,68.0,1.0,2.0,57:42,874:19,22,48.0,11.2,3.0,1.0,0.0,0.0,02:17,26.0,4.0,32.0,1207.0,13:09,12:18,00:01,00:48,0.0,0.0,0.0,0.0,0.0,0.0,0.0,0.0,0.0,0.0,0.0,0.0,0.0,0.0,0.0,0.0,0.0,0.0,0.0,0.0
256,8478569,20212022,30.168997310006365,"5' 10""",209,239:40,5.0,3.0,11.0,32.0,20.0,48.0,0.0,0.0,03:15,212:36,11,50.6,9.4,1.0,0.0,0.0,0.0,23:49,16.0,2.0,8.0,325.0,11:59,10:37,01:11,00:09,0.0,0.0,0.0,0.0,0.0,0.0,0.0,0.0,0.0,0.0,0.0,0.0,0.0,0.0,0.0,0.0,0.0,0.0,0.0,0.0
257,8478906,20212022,27.655598677590916,"6' 1""",187,07:01,1.0,0.0,0.0,0.0,1.0,1.0,0.0,0.0,00:00,07:01,0,0.0,0.0,0.0,0.0,0.0,0.0,00:00,0.0,0.0,1.0,12.0,07:01,07:01,00:00,00:00,0.0,0.0,0.0,0.0,0.0,0.0,0.0,0.0,0.0,0.0,0.0,0.0,0.0,0.0,0.0,0.0,0.0,0.0,0.0,0.0
258,8478975,20212022,26.62340773595625,"6' 4""",210,762:24,29.0,18.0,53.0,121.0,54.0,114.0,1.0,2.0,46:35,714:22,53,27.5,14.9,2.0,0.0,0.0,0.0,01:27,9.0,29.0,47.0,977.0,14:07,13:13,00:01,00:51,0.0,0.0,0.0,0.0,0.0,0.0,0.0,0.0,0.0,0.0,0.0,0.0,0.0,0.0,0.0,0.0,0.0,0.0,0.0,0.0
259,8479066,20212022,27.146347974291054,"5' 9""",187,627:20,9.0,9.0,92.0,91.0,55.0,117.0,0.0,0.0,00:29,559:52,92,14.28,9.9,1.0,0.0,0.0,1.0,66:59,7.0,4.0,18.0,899.0,11:24,10:10,01:13,00:00,0.0,0.0,0.0,0.0,0.0,0.0,0.0,0.0,0.0,0.0,0.0,0.0,0.0,0.0,0.0,0.0,0.0,0.0,0.0,0.0
260,8479355,20212022,23.743129564604338,"6' 2""",182,229:34,0.0,0.0,6.0,18.0,18.0,14.0,0.0,0.0,00:33,222:55,6,0.0,0.0,0.0,0.0,0.0,0.0,06:06,10.0,-1.0,0.0,323.0,12:45,12:23,00:20,00:01,0.0,0.0,0.0,0.0,0.0,0.0,0.0,0.0,0.0,0.0,0.0,0.0,0.0,0.0,0.0,0.0,0.0,0.0,0.0,0.0
261,8479523,20212022,24.575453294728845,"6' 0""",189,508:27,6.0,3.0,10.0,41.0,40.0,39.0,0.0,0.0,03:11,500:19,10,0.0,7.3,0.0,0.0,0.0,0.0,04:57,29.0,3.0,9.0,732.0,12:42,12:30,00:07,00:04,0.0,0.0,0.0,0.0,0.0,0.0,0.0,0.0,0.0,0.0,0.0,0.0,0.0,0.0,0.0,0.0,0.0,0.0,0.0,0.0
262,8479553,20212022,27.050521229046456,"6' 2""",206,476:07,7.0,7.0,13.0,49.0,40.0,59.0,0.0,0.0,03:32,472:29,13,0.0,14.3,0.0,0.0,0.0,0.0,00:06,17.0,8.0,14.0,631.0,11:54,11:48,00:00,00:05,0.0,0.0,0.0,0.0,0.0,0.0,0.0,0.0,0.0,0.0,0.0,0.0,0.0,0.0,0.0,0.0,0.0,0.0,0.0,0.0
263,8479597,20212022,25.87048330903441,"6' 0""",185,56:01,0.0,0.0,2.0,4.0,4.0,3.0,0.0,0.0,00:56,53:18,2,0.0,0.0,0.0,0.0,0.0,0.0,01:47,3.0,2.0,0.0,79.0,14:00,13:19,00:26,00:14,0.0,0.0,0.0,0.0,0.0,0.0,0.0,0.0,0.0,0.0,0.0,0.0,0.0,0.0,0.0,0.0,0.0,0.0,0.0,0.0
264,8480015,20212022,22.957350253598637,"6' 1""",207,845:38,11.0,10.0,12.0,126.0,63.0,98.0,1.0,3.0,107:04,738:18,12,38.18,7.9,1.0,0.0,0.0,0.0,00:16,16.0,-2.0,21.0,1119.0,13:25,11:43,00:00,01:41,0.0,0.0,0.0,0.0,0.0,0.0,0.0,0.0,0.0,0.0,0.0,0.0,0.0,0.0,0.0,0.0,0.0,0.0,0.0,0.0
265,8480037,20212022,23.0613907198642,"5' 10""",155,84:10,1.0,0.0,2.0,7.0,6.0,0.0,0.0,1.0,00:42,81:28,2,33.33,0.0,0.0,0.0,0.0,0.0,02:00,1.0,-6.0,1.0,113.0,14:01,13:34,00:20,00:07,0.0,0.0,0.0,0.0,0.0,0.0,0.0,0.0,0.0,0.0,0.0,0.0,0.0,0.0,0.0,0.0,0.0,0.0,0.0,0.0
266,8480185,20212022,23.414580723765717,"6' 3""",190,1048:03,17.0,9.0,12.0,84.0,78.0,103.0,0.0,1.0,07:19,893:31,12,40.02,10.7,4.0,1.0,2.0,3.0,147:13,46.0,1.0,26.0,1509.0,13:26,11:27,01:53,00:05,0.0,0.0,0.0,0.0,0.0,0.0,0.0,0.0,0.0,0.0,0.0,0.0,0.0,0.0,0.0,0.0,0.0,0.0,0.0,0.0
267,8480844,20212022,21.604824192146314,"5' 11""",186,15:30,0.0,0.0,2.0,3.0,1.0,1.0,0.0,0.0,01:01,14:29,2,0.0,0.0,0.0,0.0,0.0,0.0,00:00,2.0,0.0,0.0,18.0,15:30,14:29,00:00,01:01,0.0,0.0,0.0,0.0,0.0,0.0,0.0,0.0,0.0,0.0,0.0,0.0,0.0,0.0,0.0,0.0,0.0,0.0,0.0,0.0
268,8481655,20212022,20.769762555014818,"6' 2""",182,42:24,0.0,0.0,0.0,3.0,3.0,5.0,0.0,0.0,00:01,42:23,0,48.38,0.0,0.0,0.0,0.0,0.0,00:00,2.0,-4.0,0.0,53.0,14:08,14:07,00:00,00:00,0.0,0.0,0.0,0.0,0.0,0.0,0.0,0.0,0.0,0.0,0.0,0.0,0.0,0.0,0.0,0.0,0.0,0.0,0.0,0.0
269,8482113,20212022,20.32895952688967,"6' 1""",185,1022:55,26.0,18.0,18.0,125.0,65.0,26.0,1.0,4.0,44:32,824:16,18,44.65,14.4,4.0,0.0,1.0,4.0,154:07,56.0,33.0,44.0,1371.0,15:44,12:40,02:22,00:41,0.0,0.0,0.0,0.0,0.0,0.0,0.0,0.0,0.0,0.0,0.0,0.0,0.0,0.0,0.0,0.0,0.0,0.0,0.0,0.0
270,8482641,20212022,23.800625611751098,"6' 0""",181,140:27,1.0,1.0,2.0,11.0,10.0,10.0,0.0,0.0,00:10,131:55,2,0.0,9.1,0.0,0.0,0.0,0.0,08:22,17.0,-8.0,2.0,188.0,14:02,13:11,00:50,00:01,0.0,0.0,0.0,0.0,0.0,0.0,0.0,0.0,0.0,0.0,0.0,0.0,0.0,0.0,0.0,0.0,0.0,0.0,0.0,0.0
271,8475683,20212022,33.36413478716195,"6' 2""",182,3082:10,0.0,0.0,0.0,0.0,54.0,0.0,0.0,0.0,0,0,0,0.0,0.0,0.0,0.0,0.0,0.0,0,0.0,0.0,0.0,0.0,57:04,0,0,0,3.0,3.0,39.0,7.0,1429.0,231.0,42.0,1156.0,47.0,1262.0,257.0,0.913,2.667,53.0,1566.0,137.0,89.88326848249028,89.36170212765957,91.60063391442155,0.0
272,8477992,20212022,26.368782384306318,"6' 5""",220,486:31,0.0,0.0,0.0,0.0,11.0,0.0,0.0,0.0,0,0,0,0.0,0.0,0.0,0.0,0.0,0.0,0,0.0,0.0,0.0,0.0,44:13,0,0,0,1.0,0.0,3.0,4.0,226.0,19.0,12.0,194.0,12.0,229.0,23.0,0.856,4.6864,8.0,264.0,38.0,82.6086956521739,100.0,84.71615720524017,0.0
273,8481519,20212022,20.78618999705675,"6' 3""",192,1740:14,0.0,0.0,0.0,0.0,32.0,0.0,0.0,0.0,0,0,0,0.0,0.0,0.0,0.0,0.0,0.0,0,0.0,0.0,0.0,0.0,54:22,0,0,0,3.0,2.0,19.0,9.0,795.0,138.0,19.0,638.0,22.0,691.0,163.0,0.908,2.7927,27.0,876.0,81.0,84.66257668711657,86.36363636363636,92.32995658465991,0.0
