,gameID,HomeAway,Outcome,goals,pim,shots,powerPlayPercentage,powerPlayGoals,powerPlayOpportunities,faceOffWinPercentage,blocked,takeaways,giveaways,hits,OPPgoals,OPPpim,OPPshots,OPPpowerPlayPercentage,OPPpowerPlayGoals,OPPpowerPlayOpportunities,OPPfaceOffWinPercentage,OPPblocked,OPPtakeaways,OPPgiveaways,OPPhits
0,2014020010,Away,Overtime Loss,2,20,21,0,0,2,46.3,13,10,5,21,3,10,32,42.9,3,7,53.7,10,9,8,28
1,2014020022,Home, loss,1,17,29,12.5,1,8,51.9,5,4,3,27,5,23,24,40,2,5,48.1,10,0,3,25
2,2014020037,Home, loss,0,12,30,0,0,3,47.1,9,8,6,42,1,8,23,20,1,5,52.9,13,11,4,35
3,2014020056,Away,Win,1,12,35,0,0,5,52.6,10,7,10,19,0,12,26,0,0,5,47.4,17,6,9,27
4,2014020069,Away,,1,4,21,20,1,5,34.9,17,6,10,30,1,10,28,0,0,2,65.1,14,4,12,31
5,2014020087,Away,Win,4,15,36,50,1,2,50,9,11,2,14,3,9,33,40,2,5,50,11,9,6,28
6,2014020115,Away,Overtime Loss,1,16,24,0,0,2,46,21,6,5,26,2,4,41,25,2,8,54,9,5,5,31
7,2014020143,Home,Win,2,17,26,33.3,1,3,45,8,6,2,23,1,15,33,25,1,4,55,16,3,1,31
8,2014020156,Home,Win,2,14,30,25,1,4,55.2,12,3,0,26,1,10,37,0,0,6,44.8,3,1,3,16
9,2014020172,Away,Overtime Loss,1,0,19,0,0,1,38.5,12,8,7,27,2,2,25,0,0,0,61.5,12,11,9,21
10,2014020188,Away, loss,1,8,35,25,1,4,52,14,4,4,35,4,12,30,0,0,2,48,18,3,6,35
11,2014020202,Home, loss,4,6,31,0,0,3,63.3,7,4,3,30,6,6,25,33.3,1,3,36.7,15,2,2,22
12,2014020225,Home,Win,4,4,30,0,0,2,49.1,17,4,4,30,1,4,26,0,0,2,50.9,6,6,1,33
13,2014020246,Home,,3,6,38,16.7,1,6,60,23,4,6,26,3,12,34,0,0,3,40,17,3,2,32
14,2014020264,Away,Win,6,4,29,100,1,1,41.7,21,6,9,18,2,2,35,0,0,2,58.3,7,5,15,21
15,2014020277,Away, loss,2,14,32,25,1,4,52.2,11,4,7,20,5,10,27,50,3,6,47.8,12,5,23,32
16,2014020290,Away,,2,6,28,20,1,5,41.9,26,7,13,20,2,10,30,33.3,1,3,58.1,20,9,19,27
17,2014020302,Away,,2,8,30,0,0,2,42.6,11,13,6,14,2,4,50,0,0,4,57.4,10,10,8,9
18,2014020315,Home, loss,1,8,30,0,0,3,60.7,8,6,4,35,4,8,39,0,0,3,39.3,10,4,2,25
19,2014020327,Home,Win,1,6,28,0,0,1,57.6,10,5,6,30,0,2,33,0,0,3,42.4,14,2,3,29
20,2014020341,Home,Win,3,11,46,0,0,2,54.7,9,5,4,38,2,11,24,0,0,2,45.3,15,4,5,37
21,2014020358,Away, loss,1,4,25,33.3,1,3,44.6,6,6,5,25,2,6,23,0,0,2,55.4,20,7,4,39
22,2014020368,Away,Win,4,8,31,0,0,1,42.9,14,3,4,21,3,2,41,25,1,4,57.1,8,3,12,13
23,2014020382,Home,,3,9,55,20,1,5,62.7,8,7,5,29,3,17,20,0,0,1,37.3,27,6,2,40
24,2014020395,Home,Win,3,9,37,0,0,1,48.1,8,1,2,44,2,7,28,0,0,2,51.9,13,4,5,40
25,2014020408,Away, loss,2,8,34,0,0,3,47.5,10,6,5,32,4,6,28,0,0,4,52.5,9,8,10,13
26,2014020433,Away,,2,8,26,0,0,5,33.9,13,2,2,11,2,10,31,50,2,4,66.1,6,5,7,20
27,2014020437,Away,Overtime Loss,3,4,28,0,0,1,47.1,10,5,3,16,4,2,32,0,0,2,52.9,13,0,9,14
28,2014020457,Home,,1,4,29,0,0,2,53.8,15,4,8,50,1,4,24,50,1,2,46.2,9,2,5,48
29,2014020467,Away,,1,4,32,0,0,2,49.3,15,3,2,23,1,6,26,0,0,1,50.7,18,6,3,23
30,2014020485,Away, loss,1,32,46,16.7,1,6,48.1,10,2,2,24,3,44,34,0,0,6,51.9,19,4,6,31
31,2014020499,Home,,3,8,37,0,0,3,43.7,13,8,3,46,3,6,27,25,1,4,56.3,13,5,3,42
32,2014020527,Home,Win,6,8,34,33.3,1,3,67.2,10,6,1,26,4,6,22,25,1,4,32.8,5,1,4,33
33,2014020541,Home,,1,4,37,0,0,3,55.7,9,8,3,32,1,6,34,0,0,2,44.3,15,4,3,21
34,2014020551,Home, loss,2,6,20,33.3,1,3,56.4,7,7,6,30,5,8,34,50,1,2,43.6,16,3,1,25
35,2014020558,Away,Win,2,2,33,100,1,1,43.1,13,3,4,22,0,2,30,0,0,1,56.9,9,4,6,31
36,2014020577,Away, loss,3,6,32,0,0,5,40.3,19,8,10,23,4,12,26,50,1,2,59.7,16,8,10,29
37,2014020606,Away,Win,3,18,31,0,0,2,54,14,7,12,14,1,10,33,0,0,6,46,9,3,9,10
38,2014020611,Away,Win,6,14,35,0,0,1,47.9,20,10,12,15,5,6,30,20,1,5,52.1,15,9,26,25
39,2014020624,Away,Win,4,9,27,0,0,2,43.6,12,7,13,17,2,9,33,0,0,2,56.4,6,15,16,24
40,2014020637,Away, loss,2,6,27,0,0,3,38,15,4,14,17,8,6,35,66.7,2,3,62,10,9,15,26
41,2014020649,Home, loss,2,10,32,33.3,1,3,50,6,3,4,25,4,6,29,20,1,5,50,17,1,1,36
42,2014020666,Home,,2,8,37,0,0,3,49.2,11,9,2,32,2,6,34,0,0,4,50.8,10,2,4,29
43,2014020678,Home, loss,1,10,24,0,0,4,61.9,10,4,5,30,2,12,23,0,0,3,38.1,11,2,4,18
44,2014020703,Home, loss,4,2,41,60,3,5,43.4,12,5,3,28,5,10,27,0,0,1,56.6,11,2,6,16
45,2014020717,Home,Win,3,16,31,0,0,3,52.2,7,3,3,31,2,8,33,0,0,2,47.8,8,4,5,33
46,2014020731,Away, loss,1,8,27,0,0,2,40,10,6,5,26,3,6,14,33.3,1,3,60,14,4,6,23
47,2014020742,Away, loss,3,8,36,50,1,2,52.5,9,3,4,23,6,6,38,33.3,1,3,47.5,16,6,8,18
48,2014020746,Away,Win,4,6,30,50,1,2,45,20,14,12,23,2,4,34,33.3,1,3,55,16,18,17,35
49,2014020762,Home,Win,3,4,20,0,0,1,34.4,14,6,5,35,2,2,31,50,1,2,65.6,5,1,2,47
50,2014020785,Home,,2,8,36,0,0,3,50.8,10,4,3,27,2,6,25,50,2,4,49.2,20,3,0,33
51,2014020802,Home,Win,6,11,26,37.5,3,8,38.1,17,6,5,22,2,31,33,33.3,1,3,61.9,5,3,4,39
52,2014020815,Away, loss,1,6,27,0,0,5,48.6,7,3,4,19,2,10,23,50,1,2,51.4,19,9,11,15
53,2014020820,Away, loss,0,23,37,0,0,2,50,11,6,8,20,2,8,28,0,0,3,50,14,10,8,13
54,2014020834,Home,,1,9,41,0,0,2,51.5,9,4,8,31,1,13,33,0,0,0,48.5,12,6,1,23
55,2014020850,Away,Win,3,9,17,40,2,5,55.1,12,7,14,39,2,15,29,100,2,2,44.9,12,4,18,39
56,2014020864,Away,,2,7,21,0,0,1,38.5,11,7,10,42,2,7,39,0,0,1,61.5,13,7,11,31
57,2014020877,Away, loss,1,13,22,0,0,2,54,8,8,7,30,4,9,39,0,0,4,46,5,15,7,37
58,2014020888,Away, loss,1,6,35,0,0,3,46.3,17,4,2,22,5,6,26,33.3,1,3,53.7,12,7,7,25
59,2014020903,Away,,2,10,36,0,0,3,60.3,16,4,1,34,2,10,38,33.3,1,3,39.7,14,8,4,18
60,2014020912,Home, loss,0,10,20,0,0,1,36.4,14,3,0,50,3,4,29,0,0,4,63.6,15,5,3,23
61,2014020923,Home,Win,5,8,47,33.3,2,6,52.4,9,1,3,26,3,14,14,0,0,3,47.6,17,2,1,28
62,2014020934,Home,Win,4,10,26,20,1,5,51.7,6,5,5,31,3,14,23,0,0,2,48.3,15,5,6,30
63,2014020946,Home, loss,2,4,42,33.3,1,3,55.1,11,5,4,23,3,6,34,50,1,2,44.9,9,6,1,32
64,2014020960,Home,,3,9,24,0,0,2,41.4,20,12,5,36,3,9,32,0,0,2,58.6,7,6,5,41
65,2014020973,Home,,3,10,18,0,0,1,48.4,15,16,8,42,3,6,28,33.3,1,3,51.6,12,9,1,40
66,2014021007,Home,Win,4,4,20,33.3,1,3,53.8,12,6,6,32,2,6,20,0,0,2,46.2,6,2,2,32
67,2014021024,Away,Win,2,8,22,33.3,1,3,42,15,10,16,29,0,10,27,0,0,2,58,14,11,20,26
68,2014021030,Away, loss,1,4,39,0,0,3,58.1,8,12,9,17,2,6,34,0,0,2,41.9,36,10,9,21
69,2014021044,Home, loss,2,10,43,0,0,4,57.1,5,7,1,35,3,10,25,0,0,3,42.9,15,3,3,22
70,2014021056,Home,Win,3,4,32,0,0,3,49.2,7,6,4,34,1,6,27,0,0,2,50.8,4,3,5,21
71,2014021071,Home,,1,6,25,0,0,3,36.9,9,10,4,49,1,6,27,33.3,1,3,63.1,11,1,0,33
72,2014021095,Away, loss,3,0,36,0,0,2,43.4,10,4,8,24,4,4,25,0,0,0,56.6,12,9,8,19
73,2014021106,Away,Win,4,10,28,0,0,1,34.4,13,8,10,21,1,16,25,0,0,3,65.6,13,10,8,37
74,2014021122,Away,Overtime Loss,2,10,23,100,1,1,51.5,21,2,9,38,3,4,25,50,2,4,48.5,20,3,18,25
75,2014021129,Away,Win,4,14,37,40,2,5,50,27,9,9,26,2,14,27,20,1,5,50,15,12,11,38
76,2014021142,Away, loss,2,8,24,33.3,1,3,37.3,16,8,5,32,3,6,29,0,0,4,62.7,13,2,8,23
77,2014021157,Home,Win,6,4,35,0,0,1,48.4,9,7,4,22,1,2,32,50,1,2,51.6,11,3,5,24
78,2014021172,Home, loss,0,2,34,0,0,4,45.1,9,4,6,32,4,8,22,100,1,1,54.9,12,4,2,23
79,2014021181,Home, loss,1,14,25,25,1,4,50.7,11,1,6,27,4,8,28,14.3,1,7,49.3,19,2,0,25
80,2014021207,Home,Win,4,17,30,33.3,1,3,50,13,4,8,24,2,17,36,33.3,1,3,50,16,6,4,29
81,2014021222,Home,Win,3,14,27,33.3,1,3,57.4,10,3,5,11,2,29,33,0,0,1,42.6,17,3,2,26
82,2015020020,Home,Win,7,17,30,42.9,3,7,51.4,10,4,2,31,1,23,39,25,1,4,48.6,10,5,1,38
83,2015020035,Away, loss,0,12,31,0,0,6,50,14,3,3,22,1,18,33,0,0,3,50,17,7,14,31
84,2015020041,Away,Win,4,8,30,0,0,3,55.8,18,11,6,23,1,6,23,0,0,4,44.2,6,10,18,16
85,2015020055,Home,Win,3,12,29,40,2,5,57.4,9,4,4,31,2,10,26,16.7,1,6,42.6,5,4,1,29
86,2015020068,Home, loss,2,6,26,0,0,1,49.1,13,2,5,36,4,4,37,50,1,2,50.9,10,1,6,23
87,2015020083,Away,Overtime Loss,2,6,33,0,0,2,45.9,14,0,6,31,3,4,35,66.7,2,3,54.1,11,5,8,31
88,2015020097,Away, loss,2,16,19,25,1,4,50.6,15,5,8,30,3,8,27,25,2,8,49.4,8,4,7,15
89,2015020113,Away,Win,6,15,30,0,0,2,50,22,7,9,19,2,11,35,25,1,4,50,14,6,20,24
90,2015020128,Home,Win,4,10,28,100,3,3,48.4,13,8,6,25,1,6,32,0,0,5,51.6,9,4,1,30
91,2015020150,Home, loss,1,6,32,16.7,1,6,46,6,6,5,34,3,25,30,66.7,2,3,54,17,8,2,41
92,2015020160,Home,Overtime Loss,1,4,27,0,0,3,45.5,12,6,5,34,2,6,27,0,0,2,54.5,6,5,1,35
93,2015020184,Away,,2,10,25,0,0,3,45.1,19,8,8,27,2,6,39,20,1,5,54.9,16,5,9,29
94,2015020193,Away, loss,2,9,33,33.3,1,3,49.1,13,11,13,25,5,11,32,0,0,2,50.9,18,9,11,17
95,2015020201,Away, loss,1,2,19,0,0,3,41.2,9,4,6,39,4,6,35,100,1,1,58.8,10,3,10,36
96,2015020222,Home,Win,4,7,31,50,1,2,41.1,12,2,3,31,3,9,28,100,1,1,58.9,16,4,2,24
97,2015020236,Home, loss,2,2,38,33.3,1,3,60.7,8,5,4,35,3,6,19,100,1,1,39.3,16,2,0,33
98,2015020251,Away,,4,18,23,25,1,4,52.6,8,6,12,32,4,22,28,0,0,2,47.4,16,4,6,23
99,2015020265,Home,Win,1,8,20,0,0,3,45.6,10,9,9,25,0,8,39,0,0,3,54.4,11,2,3,27
100,2015020285,Home, loss,1,11,25,0,0,3,50,8,3,9,22,3,11,41,33.3,1,3,50,9,9,6,39
101,2015020296,Home,Overtime Loss,4,6,43,33.3,2,6,57,8,4,11,22,5,14,31,50,1,2,43,12,6,3,28
102,2015020313,Home, loss,1,8,34,20,1,5,55.7,9,4,5,29,3,10,32,0,0,4,44.3,7,7,2,37
103,2015020339,Home,,2,6,27,0,0,1,48,13,4,3,24,2,6,25,0,0,1,52,8,0,3,34
104,2015020354,Away,Win,2,14,32,0,0,5,53.8,10,2,5,17,1,16,29,0,0,4,46.2,15,2,9,21
105,2015020363,Away,Win,3,6,23,0,0,1,40.3,16,6,3,19,1,2,30,0,0,3,59.7,8,7,10,13
106,2015020378,Away,Win,2,6,16,100,1,1,40.7,21,8,7,24,1,4,33,0,0,2,59.3,6,10,9,14
107,2015020383,Away,,1,8,32,0,0,2,37.5,14,4,3,15,1,4,23,0,0,4,62.5,14,8,10,34
108,2015020400,Away, loss,2,10,36,0,0,2,70,6,8,7,23,4,10,18,0,0,2,30,11,5,6,28
109,2015020412,Home, loss,2,20,27,0,0,4,46.3,8,5,4,29,4,8,23,40,2,5,53.7,12,7,4,30
110,2015020423,Home,Win,4,14,26,16.7,1,6,54.1,16,5,4,14,1,25,21,0,0,5,45.9,10,5,2,31
111,2015020435,Away, loss,1,8,27,0,0,1,43.9,13,4,18,25,3,8,25,100,1,1,56.1,11,4,7,25
112,2015020454,Away,Win,5,10,17,0,0,3,52.4,10,4,8,19,1,8,34,0,0,4,47.6,7,5,12,23
113,2015020467,Away,Win,5,6,26,33.3,1,3,47.4,5,5,1,15,1,6,16,33.3,1,3,52.6,2,0,5,20
114,2015020479,Away,Win,2,4,18,0,0,3,60.3,15,11,3,12,0,6,24,0,0,2,39.7,10,17,10,17
115,2015020493,Home,,4,4,42,50,2,4,51.9,4,5,1,28,4,8,34,0,0,2,48.1,9,3,1,31
116,2015020511,Home,,1,4,40,0,0,5,48.4,4,8,3,31,1,10,16,50,1,2,51.6,14,1,4,34
117,2015020527,Home,Win,3,15,32,0,0,6,60,7,10,9,33,2,19,17,25,1,4,40,17,5,3,34
118,2015020545,Home,Win,3,13,30,20,1,5,40.6,2,5,3,32,1,17,30,33.3,1,3,59.4,6,3,6,28
119,2015020572,Home,Win,3,17,20,25,1,4,33.3,16,7,5,21,0,15,40,0,0,5,66.7,3,6,4,38
120,2015020580,Home,Win,2,8,29,0,0,5,37.7,7,2,5,33,1,10,40,0,0,4,62.3,8,5,2,26
121,2015020589,Away,Win,5,12,27,0,0,1,48.4,12,3,7,8,1,4,32,20,1,5,51.6,9,2,7,13
122,2015020602,Away,Win,3,8,16,0,0,4,35.2,25,12,10,30,2,8,32,0,0,4,64.8,14,8,12,30
123,2015020629,Away,Win,2,31,14,0,0,0,57.8,23,8,11,37,1,15,25,0,0,3,42.2,12,9,16,29
124,2015020632,Away,Overtime Loss,2,8,28,0,0,1,60.6,12,2,3,20,3,2,30,25,1,4,39.4,9,6,10,18
125,2015020644,Away, loss,0,4,15,0,0,2,46.3,11,5,9,8,6,4,36,0,0,2,53.7,16,9,14,14
126,2015020672,Away, loss,1,9,27,0,0,5,47.2,11,3,6,20,3,15,32,0,0,2,52.8,10,11,6,19
127,2015020677,Home, loss,2,7,33,0,0,4,47.6,8,2,8,33,4,13,24,0,0,1,52.4,7,10,6,37
128,2015020707,Home,Win,4,11,32,0,0,3,49,7,7,5,27,0,13,27,0,0,2,51,9,6,8,18
129,2015020714,Home,Win,5,10,35,25,1,4,52.2,9,3,4,24,2,8,40,20,1,5,47.8,7,3,5,20
130,2015020736,Home,Win,5,16,27,40,2,5,48.3,12,8,4,22,1,22,23,0,0,2,51.7,5,5,3,36
131,2015020749,Away,Win,5,16,19,50,2,4,47.8,16,7,5,11,2,8,38,0,0,8,52.2,3,8,18,25
132,2015020764,Home,Win,6,18,33,50,2,4,59.3,14,8,6,20,3,12,39,28.6,2,7,40.7,8,5,7,21
133,2015020781,Home,Overtime Loss,2,10,44,20,1,5,49.3,11,8,7,28,3,10,35,20,1,5,50.7,7,1,0,30
134,2015020793,Away, loss,0,15,23,0,0,5,54.4,6,2,5,19,3,17,31,25,1,4,45.6,8,5,8,18
135,2015020795,Away,Win,7,37,35,0,0,1,55.2,13,0,5,15,4,31,34,50,2,4,44.8,7,4,5,16
136,2015020823,Home, loss,3,4,32,0,0,3,44.4,7,8,9,31,5,8,28,100,1,1,55.6,7,3,11,29
137,2015020827,Home, loss,0,16,22,0,0,4,44.8,13,12,17,24,5,18,28,66.7,2,3,55.2,7,5,9,34
138,2015020842,Home,,1,4,28,0,0,3,53.2,14,12,10,34,1,6,32,0,0,2,46.8,14,10,9,25
139,2015020863,Home,,1,8,20,0,0,1,51.8,16,9,20,31,1,2,18,0,0,4,48.2,8,6,8,18
140,2015020877,Home,Win,3,8,32,25,1,4,71.7,14,8,15,27,1,8,30,25,1,4,28.3,16,6,12,30
141,2015020909,Home,Win,3,6,25,25,1,4,41.2,12,12,9,18,2,10,24,33.3,1,3,58.8,13,9,11,22
142,2015020923,Away,,3,13,31,16.7,1,6,46.3,13,2,5,9,3,17,25,25,1,4,53.7,16,3,5,19
143,2015020932,Away, loss,1,14,18,33.3,1,3,44.1,8,3,8,26,3,10,27,20,1,5,55.9,13,9,6,14
144,2015020949,Away,Win,3,8,22,33.3,1,3,60.4,14,3,10,12,2,6,32,0,0,4,39.6,12,6,7,18
145,2015020962,Away, loss,2,6,40,0,0,3,49,5,7,2,14,3,6,26,33.3,1,3,51,19,8,4,23
146,2015020978,Away, loss,1,13,33,0,0,5,37.3,8,1,4,24,5,17,26,33.3,1,3,62.7,14,8,1,28
147,2015020988,Home,Overtime Loss,4,23,51,25,1,4,58.5,10,11,9,19,5,17,32,0,0,2,41.5,16,5,7,22
148,2015021010,Home,Win,6,6,31,0,0,2,61.4,13,15,10,29,2,6,28,0,0,2,38.6,7,8,9,18
149,2015021023,Home,,4,10,29,33.3,1,3,50.6,14,9,15,16,4,6,26,20,1,5,49.4,7,10,15,19
150,2015021033,Away, loss,2,21,25,50,1,2,52.8,15,6,8,19,3,11,28,0,0,2,47.2,18,5,19,24
151,2015021043,Away,Win,4,14,36,25,1,4,60.9,13,1,9,31,1,20,28,0,0,0,39.1,17,2,14,36
152,2015021056,Away,Win,4,4,32,25,1,4,42.9,23,13,11,9,1,8,33,0,0,2,57.1,14,11,4,20
153,2015021072,Home, loss,3,13,26,0,0,3,54.5,5,6,14,18,5,13,30,66.7,2,3,45.5,9,5,10,14
154,2015021086,Away, loss,2,8,27,100,1,1,37.5,11,5,7,19,4,6,32,50,1,2,62.5,15,13,16,17
155,2015021101,Away,Win,4,8,36,0,0,4,52.6,15,5,1,19,1,8,35,0,0,4,47.4,11,6,15,19
156,2015021122,Away,Win,5,12,27,25,1,4,52.6,14,5,8,22,2,10,35,40,2,5,47.4,11,4,12,22
157,2015021144,Home, loss,2,10,34,0,0,3,53.3,7,9,18,14,5,8,29,75,3,4,46.7,4,12,5,10
158,2015021157,Home,Win,3,12,40,0,0,4,61.8,5,5,12,17,2,8,25,16.7,1,6,38.2,16,5,6,21
159,2015021172,Home,Win,4,2,39,50,1,2,52.9,7,14,9,20,3,4,28,0,0,1,47.1,8,10,9,20
160,2015021185,Away,Win,4,4,36,0,0,5,60.5,7,14,6,24,3,10,26,50,1,2,39.5,17,13,5,24
161,2015021192,Away,Win,4,12,19,40,2,5,54.2,15,6,16,10,1,10,33,16.7,1,6,45.8,8,8,13,18
162,2015021208,Away, loss,1,6,34,0,0,1,38.3,10,4,8,23,3,4,23,50,1,2,61.7,19,1,4,22
163,2015021221,Home,Win,5,6,21,0,0,2,38.6,7,8,14,12,2,6,28,50,1,2,61.4,6,8,14,8
164,2016020010,Home,Win,2,14,34,0,0,3,53.6,4,10,13,20,1,16,24,0,0,2,46.4,16,8,15,18
165,2016020020,Home,Win,4,6,38,0,0,2,44.9,15,16,15,14,1,6,22,0,0,2,55.1,8,5,6,11
166,2016020042,Away,,3,8,31,0,0,3,53.1,7,11,5,19,3,8,28,0,0,3,46.9,7,8,11,15
167,2016020056,Home, loss,2,2,28,25,1,4,56.4,8,16,5,14,4,8,29,0,0,1,43.6,14,4,2,17
168,2016020068,Home,Win,5,11,38,16.7,1,6,50.8,4,7,7,16,2,17,28,33.3,1,3,49.2,8,5,12,21
169,2016020086,Away, loss,2,4,22,25,1,4,52.8,20,5,3,27,3,8,22,50,1,2,47.2,20,5,3,27
170,2016020101,Away, loss,2,6,31,33.3,1,3,47.4,13,17,12,29,3,8,28,0,0,2,52.6,14,11,9,19
171,2016020113,Away, loss,0,8,33,0,0,4,44.8,5,2,9,10,3,8,25,50,2,4,55.2,9,3,1,9
172,2016020124,Away,Win,5,10,24,25,1,4,35.6,12,2,8,26,2,8,36,40,2,5,64.4,5,4,9,17
173,2016020136,Home, loss,1,20,34,0,0,7,44.9,9,13,9,14,2,26,26,0,0,3,55.1,20,11,4,16
174,2016020152,Home,Win,4,10,31,66.7,2,3,50,8,11,6,17,3,8,34,25,1,4,50,11,2,7,13
175,2016020168,Away, loss,2,8,24,50,1,2,44.8,15,10,12,11,4,4,36,0,0,4,55.2,7,9,17,17
176,2016020182,Home,Win,3,6,32,33.3,1,3,53.3,9,12,9,18,1,8,35,0,0,2,46.7,16,6,5,24
177,2016020202,Home, loss,2,4,24,0,0,1,43.1,11,4,6,25,4,2,29,0,0,2,56.9,12,6,10,16
178,2016020214,Home,Win,3,14,43,0,0,5,59,11,5,5,23,2,12,21,16.7,1,6,41,27,6,5,31
179,2016020234,Away,Win,4,6,24,0,0,3,48.3,17,12,10,25,3,6,37,33.3,1,3,51.7,13,7,13,25
180,2016020247,Away, loss,1,8,27,0,0,4,50.9,7,4,11,35,6,8,30,0,0,4,49.1,18,9,14,19
181,2016020265,Away,Win,4,4,23,0,0,0,41,29,7,10,25,1,0,40,0,0,2,59,11,6,11,28
182,2016020272,Away,,2,6,30,25,1,4,51.4,8,7,7,26,2,8,35,0,0,3,48.6,21,14,12,25
183,2016020286,Home, loss,1,6,39,0,0,4,48.3,4,4,12,19,3,10,28,100,2,2,51.7,12,0,3,17
184,2016020316,Home,,1,4,23,0,0,2,56.5,13,9,10,16,1,4,37,0,0,2,43.5,21,7,7,21
185,2016020324,Away, loss,2,6,33,25,1,4,53.1,10,9,8,14,3,8,27,33.3,1,3,46.9,21,12,8,23
186,2016020336,Away,,1,4,39,33.3,1,3,47.3,14,8,12,36,1,6,33,0,0,2,52.7,18,13,15,20
187,2016020350,Away,Win,2,8,30,0,0,6,45.3,7,2,6,24,1,12,21,0,0,4,54.7,15,4,10,24
188,2016020363,Away, loss,0,16,24,0,0,4,51.7,7,8,7,27,2,10,21,0,0,7,48.3,23,7,11,28
189,2016020378,Away,Overtime Loss,3,6,30,0,0,3,39,13,11,13,31,4,6,36,0,0,3,61,14,7,10,19
190,2016020385,Away,Overtime Loss,2,10,44,0,0,2,44.8,16,9,13,34,3,6,25,25,1,4,55.2,20,10,12,28
191,2016020400,Home, loss,1,8,29,33.3,1,3,50,10,8,13,21,5,8,30,0,0,3,50,17,5,4,7
192,2016020416,Home,Win,4,8,42,0,0,2,49.3,10,6,7,20,2,4,39,25,1,4,50.7,7,9,5,15
193,2016020438,Away, loss,1,14,30,0,0,5,50,12,3,4,16,5,20,22,0,0,1,50,17,12,1,13
194,2016020451,Away,,3,10,44,100,3,3,43.1,9,2,15,9,3,12,32,0,0,2,56.9,9,7,15,14
195,2016020457,Away,Win,3,14,23,0,0,2,27.1,11,13,1,16,1,6,31,0,0,6,72.9,9,10,3,20
196,2016020487,Home,,3,13,39,25,1,4,53,10,10,8,19,3,15,36,33.3,1,3,47,10,7,7,14
197,2016020501,Home, loss,1,6,30,0,0,3,43.9,15,8,12,21,3,6,33,33.3,1,3,56.1,13,8,6,12
198,2016020510,Home,,3,10,34,16.7,1,6,38.4,12,12,11,17,3,12,39,0,0,5,61.6,12,8,16,17
199,2016020527,Home,,2,10,47,0,0,4,61.8,11,11,8,25,2,12,40,33.3,1,3,38.2,11,6,2,15
200,2016020536,Home,Overtime Loss,2,9,33,33.3,1,3,48.6,11,11,24,20,3,11,41,50,1,2,51.4,13,8,9,8
201,2016020554,Away,Win,3,8,38,100,2,2,54.8,26,5,8,20,1,4,36,25,1,4,45.2,8,4,9,21
202,2016020572,Home, loss,1,4,32,0,0,4,56.4,9,5,12,24,4,10,39,0,0,1,43.6,13,9,7,13
203,2016020585,Home,Win,2,34,34,0,0,4,58.3,7,2,10,16,1,22,29,0,0,5,41.7,6,0,3,19
204,2016020596,Home, loss,0,14,25,0,0,3,39.1,14,6,8,24,4,8,37,16.7,1,6,60.9,13,3,10,14
205,2016020609,Away,Win,3,6,29,16.7,1,6,48.9,3,4,4,19,0,13,28,0,0,2,51.1,9,5,5,16
206,2016020620,Away,Win,2,2,24,0,0,1,42.6,19,11,13,20,1,4,30,0,0,0,57.4,19,2,7,28
207,2016020636,Home, loss,2,21,29,33.3,1,3,34.4,11,8,7,26,5,15,42,0,0,6,65.6,10,3,7,22
208,2016020645,Home,Win,4,10,32,0,0,3,58.1,13,9,15,16,3,10,33,33.3,1,3,41.9,10,6,8,9
209,2016020669,Away, loss,2,8,22,0,0,4,48,16,9,9,14,5,8,29,50,2,4,52,12,12,11,7
210,2016020675,Away,Overtime Loss,3,4,31,50,1,2,50,15,12,16,25,4,4,31,50,1,2,50,20,15,23,18
211,2016020690,Away, loss,1,2,35,33.3,1,3,52.5,16,9,3,20,2,6,32,0,0,1,47.5,19,10,4,20
212,2016020713,Away,Overtime Loss,2,6,25,0,0,2,38.7,13,7,15,13,3,4,42,0,0,3,61.3,19,4,9,26
213,2016020734,Home,Win,2,15,37,33.3,1,3,50,13,9,13,29,1,13,32,25,1,4,50,7,4,7,16
214,2016020748,Home,Win,6,16,34,0,0,3,44.8,8,8,4,20,5,14,41,0,0,4,55.2,9,6,7,13
215,2016020768,Home,Win,2,13,37,0,0,5,48.3,13,3,7,26,1,17,23,0,0,3,51.7,8,5,11,26
216,2016020810,Home, loss,3,20,39,0,0,4,63.1,6,7,8,28,6,12,26,33.3,1,3,36.9,6,8,5,20
217,2016020818,Away,Win,7,22,37,33.3,2,6,48.2,15,9,7,16,4,26,31,25,1,4,51.8,8,8,11,14
218,2016020846,Away,Win,6,6,22,0,0,2,43.5,17,12,21,23,5,4,36,0,0,3,56.5,15,13,28,10
219,2016020857,Away,Win,4,8,31,33.3,1,3,27.5,9,4,5,15,1,8,36,0,0,3,72.5,12,4,9,22
220,2016020868,Away,Win,3,6,25,0,0,2,48.1,10,2,14,27,2,4,35,0,0,3,51.9,16,3,12,25
221,2016020880,Away,Win,2,4,33,0,0,1,45.9,10,9,3,15,1,2,27,0,0,2,54.1,11,5,4,16
222,2016020891,Home, loss,3,4,34,100,2,2,52.2,7,5,9,21,4,6,35,0,0,1,47.8,8,9,5,21
223,2016020901,Home, loss,2,4,38,33.3,1,3,43.6,4,7,7,16,4,8,28,0,0,1,56.4,15,9,5,15
224,2016020916,Home, loss,1,33,38,20,1,5,50,6,12,13,21,2,29,33,0,0,2,50,19,5,8,23
225,2016020927,Home,,2,4,31,50,1,2,47.2,12,12,17,25,2,6,25,0,0,1,52.8,7,8,5,23
226,2016020938,Away,,1,12,40,0,0,2,52.5,15,7,11,27,1,8,49,0,0,4,47.5,12,12,16,29
227,2016020955,Home, loss,1,6,42,33.3,1,3,53.4,14,10,12,19,2,6,34,0,0,3,46.6,7,7,11,11
228,2016020976,Home, loss,2,8,45,20,1,5,38.6,7,5,11,21,5,10,28,0,0,4,61.4,15,8,3,19
229,2016020997,Home, loss,4,8,40,50,1,2,42.3,16,9,21,23,7,6,46,0,0,3,57.7,11,6,5,16
230,2016021003,Away, loss,2,42,34,0,0,3,51.5,10,3,9,23,3,20,34,25,1,4,48.5,10,13,8,18
231,2016021029,Home,Win,7,12,32,20,1,5,54.1,12,4,9,19,2,14,30,25,1,4,45.9,9,7,8,17
232,2016021041,Away, loss,1,6,34,0,0,2,38.2,8,2,2,9,2,4,34,0,0,3,61.8,14,4,5,10
233,2016021049,Away,,3,10,37,50,1,2,36.1,17,10,8,16,3,8,32,33.3,1,3,63.9,15,8,4,17
234,2016021064,Away, loss,0,12,21,0,0,4,54.7,10,5,4,26,4,12,28,0,0,4,45.3,19,10,8,22
235,2016021081,Home, loss,3,6,35,0,0,3,48,10,8,11,19,4,10,25,100,1,1,52,14,6,9,22
236,2016021094,Home,Win,3,0,39,0,0,0,45.2,6,13,8,20,1,0,23,0,0,0,54.8,10,9,11,19
237,2016021109,Home,Win,7,30,31,20,1,5,43.9,10,9,13,15,0,34,25,0,0,3,56.1,12,3,12,15
238,2016021122,Away, loss,2,11,32,33.3,1,3,58.9,10,3,4,9,4,11,32,66.7,2,3,41.1,9,4,14,22
239,2016021131,Away, loss,2,18,27,25,1,4,43.1,15,8,8,30,3,18,25,0,0,4,56.9,13,14,20,18
240,2016021144,Away, loss,2,6,31,0,0,3,43.5,18,7,11,27,6,20,33,0,0,1,56.5,17,6,23,19
241,2016021157,Away, loss,2,8,26,25,1,4,57.4,6,12,16,21,5,8,29,25,1,4,42.6,12,7,10,16
242,2016021178,Home, loss,1,9,32,0,0,2,50,9,5,6,15,4,9,31,0,0,2,50,5,4,12,18
243,2016021199,Home, loss,3,8,32,0,0,2,42.1,8,10,12,13,6,4,38,50,2,4,57.9,12,10,3,9
244,2016021213,Home,Win,3,4,37,25,1,4,50.9,8,11,7,12,0,8,30,0,0,2,49.1,6,6,10,15
245,2016021228,Away,Win,2,6,21,100,1,1,62.2,11,1,9,3,0,4,38,0,0,2,37.8,11,9,7,5
246,2017020014,Away, loss,3,6,36,0,0,4,51.5,12,3,8,20,5,8,25,33.3,1,3,48.5,17,9,7,26
247,2017020018,Home,Win,5,23,48,25,1,4,50.7,13,15,13,14,4,19,30,16.7,1,6,49.3,13,5,13,26
248,2017020052,Home,Win,5,25,38,20,1,5,55.1,13,14,13,18,2,25,39,20,1,5,44.9,11,4,9,13
249,2017020067,Away, loss,3,6,46,20,1,5,58.7,17,7,9,23,4,10,33,33.3,1,3,41.3,6,11,2,21
250,2017020083,Away, loss,1,13,41,16.7,1,6,43.1,10,7,5,22,5,17,39,25,1,4,56.9,22,5,10,13
251,2017020107,Home, loss,3,8,31,0,0,2,58.1,13,5,9,20,4,4,48,75,3,4,41.9,16,5,8,21
252,2017020116,Away,Win,4,8,23,33.3,2,6,55.8,24,11,4,14,1,12,42,0,0,4,44.2,11,7,17,12
253,2017020130,Away, loss,1,8,27,0,0,2,45.8,23,4,20,35,5,4,37,50,2,4,54.2,12,9,11,24
254,2017020145,Home,Win,8,11,22,33.3,1,3,37.7,11,9,20,12,3,11,34,0,0,3,62.3,3,4,14,21
255,2017020160,Home,,2,11,46,16.7,1,6,54.9,14,6,27,12,2,17,38,0,0,3,45.1,13,10,13,18
256,2017020174,Home, loss,5,15,23,0,0,3,50.7,12,16,14,14,8,11,38,40,2,5,49.3,15,12,17,8
257,2017020190,Home, loss,3,12,34,0,0,1,62.9,10,6,18,23,7,6,40,50,2,4,37.1,7,12,12,9
258,2017020203,Home,Overtime Loss,4,6,34,0,0,2,54.7,11,9,18,16,5,4,44,33.3,1,3,45.3,16,6,10,11
259,2017020227,Away, loss,1,12,31,50,1,2,53.1,25,5,11,31,3,6,48,0,0,5,46.9,13,14,12,13
260,2017020242,Away,Win,4,15,31,0,0,3,40.4,11,5,8,16,1,15,25,50,1,2,59.6,15,6,7,23
261,2017020254,Away, loss,1,8,33,0,0,4,67.3,9,11,8,17,2,10,21,50,1,2,32.7,12,13,10,20
262,2017020269,Home,,3,11,29,40,2,5,50,8,3,20,13,3,17,43,0,0,2,50,8,4,10,15
263,2017020289,Away,Win,2,4,28,0,0,1,48.5,18,20,14,22,0,2,35,0,0,2,51.5,12,23,20,19
264,2017020296,Away, loss,0,2,24,0,0,2,49.2,8,0,2,22,4,6,20,0,0,0,50.8,10,5,10,28
265,2017020309,Away, loss,2,15,52,16.7,1,6,49.2,12,11,14,20,3,19,28,50,2,4,50.8,18,10,15,28
266,2017020321,Home,,1,6,43,0,0,3,44.1,18,8,13,13,1,6,44,0,0,3,55.9,6,10,6,14
267,2017020352,Home, loss,1,2,38,0,0,2,46.2,17,8,19,20,4,4,39,0,0,1,53.8,11,3,12,8
268,2017020362,Away,Win,3,8,38,0,0,3,65.1,7,10,8,20,2,10,25,0,0,2,34.9,12,7,6,15
269,2017020369,Away,Win,5,8,27,50,1,2,52.5,15,9,10,22,4,6,37,0,0,3,47.5,12,10,11,13
270,2017020392,Home, loss,1,0,40,0,0,2,50.9,21,9,18,17,2,4,32,0,0,0,49.1,17,6,11,17
271,2017020403,Away,Overtime Loss,2,26,39,0,0,2,45.1,15,18,16,25,3,20,47,40,2,5,54.9,15,15,15,19
272,2017020413,Home,,4,4,43,50,2,4,55.1,9,8,10,21,4,18,32,0,0,2,44.9,8,7,13,20
273,2017020434,Home,Win,6,16,36,50,2,4,38.9,12,4,9,30,4,10,39,14.3,1,7,61.1,8,5,7,24
274,2017020448,Home, loss,3,6,42,0,0,5,54,13,12,13,26,7,10,30,0,0,3,46,17,6,9,16
275,2017020463,Away,Win,2,23,29,50,1,2,52.9,18,4,9,19,1,21,35,0,0,3,47.1,17,5,11,24
276,2017020473,Away,Overtime Loss,2,10,37,0,0,2,53.1,25,11,11,33,3,8,28,0,0,3,46.9,16,11,11,31
277,2017020486,Away, loss,1,6,33,0,0,1,50,18,5,7,12,2,2,30,0,0,3,50,14,9,4,9
278,2017020510,Away, loss,2,8,18,33.3,1,3,43.5,15,14,8,13,5,6,40,0,0,4,56.5,13,18,12,12
279,2017020523,Away,Win,3,10,26,0,0,0,50,16,5,7,30,2,4,41,0,0,4,50,12,5,7,32
280,2017020540,Home,Win,4,15,34,0,0,3,36.1,7,17,13,23,2,11,31,20,1,5,63.9,12,10,9,9
281,2017020546,Home,Win,1,6,38,0,0,3,61,12,12,20,14,0,10,38,0,0,2,39,14,10,15,13
282,2017020571,Home,Win,3,15,27,0,0,4,55.2,10,14,7,17,2,15,31,0,0,4,44.8,18,5,17,23
283,2017020588,Home,Win,2,0,33,0,0,3,50,17,15,20,33,0,6,38,0,0,0,50,15,11,6,17
284,2017020608,Away, loss,1,7,26,0,0,2,46.6,14,2,6,11,5,9,41,0,0,1,53.4,12,6,3,8
285,2017020616,Away,Win,4,8,26,0,0,3,39.7,20,20,9,15,2,6,43,25,1,4,60.3,7,7,11,20
286,2017020630,Away,Overtime Loss,2,6,40,0,0,1,43.3,7,1,7,21,4,4,19,50,1,2,56.7,12,7,21,25
287,2017020647,Away,,2,10,44,33.3,1,3,58.4,11,5,3,19,2,8,48,50,2,4,41.6,25,14,6,18
288,2017020657,Away,Win,7,13,36,0,0,2,63.6,14,9,5,20,4,13,30,0,0,2,36.4,14,11,9,13
289,2017020666,Home,Overtime Loss,2,8,43,25,1,4,52.2,17,4,18,27,4,10,29,33.3,1,3,47.8,24,10,9,17
290,2017020705,Home,Win,4,6,26,0,0,1,51.7,23,8,14,22,3,2,36,0,0,3,48.3,8,8,7,19
291,2017020716,Away, loss,3,12,40,100,1,1,50,13,8,9,13,4,12,29,0,0,1,50,16,6,10,9
292,2017020738,Away, loss,1,84,34,16.7,1,6,50,8,1,7,22,6,54,39,33.3,2,6,50,21,4,12,13
293,2017020752,Home, loss,2,19,34,0,0,4,57.8,5,11,8,17,4,15,46,33.3,2,6,42.2,8,2,1,21
294,2017020763,Away,Win,4,2,40,0,0,0,57.1,16,8,13,19,1,0,33,0,0,1,42.9,11,7,21,19
295,2017020777,Away,Win,4,35,32,28.6,2,7,56.5,16,3,3,16,2,47,32,33.3,1,3,43.5,5,3,2,21
296,2017020796,Home,Win,3,13,33,0,0,3,49.2,7,14,15,27,2,13,28,0,0,2,50.8,14,9,11,18
297,2017020818,Home,Win,3,2,41,25,1,4,50,15,14,10,23,1,8,27,0,0,1,50,16,8,8,22
298,2017020838,Home, loss,1,12,36,50,1,2,52.5,13,11,18,20,3,14,26,0,0,1,47.5,20,7,6,30
299,2017020862,Away,Win,7,0,40,75,3,4,42.9,19,13,10,25,5,8,32,0,0,0,57.1,12,7,17,36
300,2017020878,Away,Win,4,12,34,25,1,4,50.8,13,5,8,8,3,8,37,16.7,1,6,49.2,17,3,6,14
301,2017020903,Away,Win,6,29,30,50,2,4,45.3,15,14,5,8,3,23,33,28.6,2,7,54.7,11,9,14,14
302,2017020910,Away, loss,2,4,27,50,2,4,47.6,11,5,15,17,7,8,34,50,1,2,52.4,14,7,17,17
303,2017020918,Away, loss,0,4,40,0,0,2,33.3,12,5,7,20,1,4,31,0,0,2,66.7,14,3,8,20
304,2017020936,Home,Win,3,11,33,25,1,4,54.8,13,7,12,19,2,33,35,33.3,1,3,45.2,14,9,14,14
305,2017020951,Home,Win,6,7,30,0,0,3,57.7,19,7,18,19,5,21,37,100,1,1,42.3,11,5,14,7
306,2017020972,Home,Win,3,4,31,25,1,4,47.5,15,8,22,18,2,8,39,0,0,2,52.5,7,19,11,11
307,2017020985,Home,Win,3,9,29,0,0,2,58.1,18,14,30,18,2,9,31,50,1,2,41.9,13,6,17,23
308,2017020992,Home,Win,4,40,30,0,0,3,50,12,12,19,27,1,30,25,0,0,3,50,4,7,10,14
309,2017021008,Home,Win,4,11,26,20,1,5,39.6,16,15,11,25,1,17,40,0,0,2,60.4,14,10,9,22
310,2017021024,Away, loss,4,5,49,50,1,2,52.3,14,1,7,28,5,9,33,0,0,0,47.7,12,7,7,28
311,2017021038,Home,Win,5,8,32,50,1,2,58.9,23,14,19,29,0,4,40,0,0,4,41.1,10,14,9,21
312,2017021056,Home,,3,7,35,50,1,2,57.8,12,9,16,18,3,9,37,0,0,1,42.2,8,10,12,15
313,2017021067,Home, loss,3,6,38,0,0,1,51.4,8,14,27,21,5,4,25,0,0,2,48.6,18,11,11,21
314,2017021087,Home,Win,3,25,28,50,1,2,52.9,18,17,26,23,0,17,46,0,0,4,47.1,10,9,8,24
315,2017021099,Home, loss,2,9,42,0,0,6,46,16,14,33,17,4,19,36,0,0,1,54,9,15,13,16
316,2017021118,Away,Win,2,22,40,0,0,2,58.9,13,7,15,18,0,26,28,0,0,5,41.1,21,9,14,32
317,2017021125,Away,Win,7,4,39,0,0,1,43.2,20,10,15,19,2,2,35,0,0,2,56.8,22,4,13,20
318,2017021139,Away, loss,0,8,33,0,0,4,53.4,11,4,4,18,4,10,33,33.3,1,3,46.6,15,11,5,17
319,2017021156,Home,Win,4,4,47,25,1,4,48.5,16,9,28,21,2,10,28,100,1,1,51.5,18,6,17,20
320,2017021169,Away,Win,3,8,41,16.7,1,6,50.8,19,6,9,14,0,12,32,0,0,4,49.2,17,5,15,14
321,2017021186,Away,Overtime Loss,3,2,33,0,0,3,50.7,18,5,8,24,4,6,35,0,0,1,49.3,22,10,23,22
322,2017021193,Away, loss,2,2,26,50,1,2,46.3,14,3,9,24,3,4,30,0,0,1,53.7,17,8,9,28
323,2017021206,Away, loss,1,14,31,0,0,2,50.7,8,12,13,29,5,16,33,100,1,1,49.3,6,8,6,15
324,2017021225,Home,Win,3,9,35,50,1,2,45.1,14,11,13,29,2,21,29,0,0,1,54.9,10,5,14,14
325,2017021234,Home,Win,2,0,33,0,0,1,45.3,18,19,15,22,1,2,46,0,0,0,54.7,13,7,4,11
326,2017021247,Home,Win,3,4,35,0,0,2,50.8,9,10,19,25,2,6,28,100,1,1,49.2,17,12,4,21
327,2017021261,Home,Win,4,6,27,33.3,1,3,50,20,7,25,6,3,6,41,33.3,1,3,50,12,11,13,11
328,2018020019,Away,,1,6,43,0,0,5,52.6,13,8,5,22,1,10,29,0,0,3,47.4,9,5,11,37
329,2018020047,Home, loss,4,6,41,0,0,2,59.1,14,12,18,18,5,4,32,66.7,2,3,40.9,5,7,14,7
330,2018020064,Home, loss,2,8,26,0,0,5,42.2,6,11,14,18,3,10,30,25,1,4,57.8,23,12,13,15
331,2018020080,Away,,5,16,26,33.3,1,3,53.8,14,7,16,29,5,18,26,0,0,2,46.2,13,4,11,23
332,2018020099,Away,,5,8,30,28.6,2,7,50.8,20,11,11,20,5,16,31,33.3,1,3,49.2,12,14,15,28
333,2018020108,Home,Overtime Loss,3,6,37,0,0,5,46.2,10,12,16,17,4,10,31,66.7,2,3,53.8,12,22,19,15
334,2018020122,Away, loss,2,17,38,25,1,4,46.6,17,10,11,28,5,23,22,33.3,2,6,53.4,18,9,15,28
335,2018020130,Away,Win,3,8,41,40,2,5,50,12,2,12,23,2,12,22,33.3,1,3,50,13,3,11,20
336,2018020148,Away, loss,2,12,37,0,0,4,57,8,1,3,20,3,12,26,0,0,4,43,30,6,13,15
337,2018020180,Home, loss,2,14,38,20,1,5,42.4,13,7,13,10,4,12,36,33.3,2,6,57.6,26,10,11,17
338,2018020192,Away,Win,4,19,26,60,3,5,48.5,21,4,11,18,2,23,34,100,1,1,51.5,13,6,5,14
339,2018020228,Home,Win,4,11,33,25,1,4,62.7,12,16,11,12,1,13,27,0,0,3,37.3,10,12,5,23
340,2018020248,Home,Win,4,10,31,20,1,5,48.3,11,19,24,7,2,12,31,0,0,4,51.7,9,7,12,16
341,2018020254,Home,Win,5,10,40,33.3,1,3,58.6,13,10,10,20,1,6,35,20,1,5,41.4,11,8,9,12
342,2018020267,Away,Win,2,2,30,33.3,1,3,31.7,21,12,11,25,1,6,31,0,0,1,68.3,15,7,11,30
343,2018020280,Away, loss,3,2,43,50,2,4,54.8,6,5,6,12,7,8,37,0,0,1,45.2,15,14,4,15
344,2018020296,Away, loss,2,6,41,33.3,1,3,64.9,13,4,19,21,4,8,24,50,1,2,35.1,21,10,20,30
345,2018020312,Away,Win,7,12,32,50,1,2,44.3,20,11,19,26,5,6,38,20,1,5,55.7,11,8,24,17
346,2018020325,Away, loss,3,8,43,50,2,4,39.7,17,5,6,18,7,8,33,25,1,4,60.3,7,12,8,15
347,2018020342,Away, loss,1,8,35,0,0,1,48.2,16,17,16,31,4,4,39,33.3,1,3,51.8,16,18,19,31
348,2018020351,Home,Overtime Loss,4,9,38,33.3,1,3,51.6,13,16,19,25,5,11,41,0,0,2,48.4,7,9,9,13
349,2018020363,Home,Win,4,4,34,25,1,4,52.1,14,8,19,24,3,8,32,0,0,2,47.9,12,10,13,17
350,2018020378,Home, loss,2,4,44,33.3,1,3,41.5,6,10,13,15,3,6,25,0,0,2,58.5,10,7,14,16
351,2018020390,Home,Win,3,8,43,50,2,4,57.6,10,15,19,37,2,8,24,25,1,4,42.4,21,9,22,26
352,2018020399,Home,Overtime Loss,4,8,27,25,1,4,42.1,15,21,32,28,5,10,39,66.7,2,3,57.9,18,5,14,24
353,2018020417,Home,Win,5,10,44,33.3,2,6,44.3,16,6,15,22,0,14,33,0,0,4,55.7,8,6,19,26
354,2018020430,Home, loss,2,8,35,20,1,5,56.9,14,8,12,23,5,10,37,0,0,4,43.1,15,2,4,14
355,2018020450,Home,,4,2,31,50,2,4,48.3,15,4,16,26,4,8,26,0,0,1,51.7,16,5,13,26
356,2018020470,Away, loss,3,6,25,0,0,2,50,14,8,5,12,4,4,33,0,0,3,50,19,14,8,17
357,2018020484,Away, loss,1,2,31,0,0,2,52.2,12,4,4,20,5,6,26,0,0,0,47.8,21,7,5,15
358,2018020497,Home,Win,4,20,33,50,2,4,49.2,22,16,25,24,3,10,32,0,0,4,50.8,12,9,8,12
359,2018020517,Away,Win,5,11,36,33.3,1,3,44.2,11,4,9,20,2,11,32,0,0,3,55.8,5,9,12,11
360,2018020531,Away, loss,1,6,26,33.3,1,3,49.1,22,8,24,30,6,6,26,100,3,3,50.9,13,17,11,9
361,2018020547,Away,Win,2,10,23,50,1,2,52.5,15,2,11,21,1,6,34,0,0,4,47.5,8,4,11,11
362,2018020562,Away,Win,6,6,27,33.3,1,3,45.8,14,9,12,25,3,6,29,33.3,1,3,54.2,11,12,10,21
363,2018020580,Home, loss,3,11,26,33.3,1,3,49.1,11,4,11,20,5,11,28,33.3,1,3,50.9,11,7,5,28
364,2018020591,Home,Win,2,4,36,33.3,1,3,29,8,10,16,21,1,6,35,0,0,2,71,21,3,10,21
365,2018020606,Away,,3,4,27,0,0,3,38.9,10,1,14,13,3,6,20,0,0,2,61.1,10,1,23,25
366,2018020623,Away, loss,3,6,38,33.3,1,3,45.8,9,1,6,17,4,6,33,0,0,3,54.2,18,3,5,16
367,2018020641,Home,Overtime Loss,3,6,30,0,0,1,51.9,4,11,24,33,4,4,35,0,0,2,48.1,11,8,9,19
368,2018020660,Away, loss,1,20,37,0,0,4,50.9,10,8,10,37,5,20,31,0,0,4,49.1,22,7,12,27
369,2018020679,Away,,3,4,30,0,0,2,45.6,15,5,17,25,3,4,24,0,0,2,54.4,13,13,8,29
370,2018020685,Away, loss,3,22,27,50,1,2,45.6,24,8,24,24,4,4,24,100,1,1,54.4,6,13,19,15
371,2018020703,Away, loss,1,29,24,0,0,2,45.8,9,4,5,18,5,19,36,0,0,2,54.2,14,9,6,34
372,2018020714,Away, loss,1,8,53,0,0,4,35.9,12,9,21,25,5,10,28,33.3,1,3,64.1,16,9,19,27
373,2018020733,Home,Win,3,2,29,0,0,3,45.3,11,11,20,26,1,6,21,0,0,1,54.7,8,13,11,21
374,2018020747,Away,Win,4,8,30,33.3,1,3,58.2,18,9,14,9,2,6,39,0,0,4,41.8,13,7,14,18
375,2018020758,Home,Win,6,11,30,75,3,4,46,14,12,19,25,2,25,29,0,0,2,54,12,10,11,23
376,2018020782,Home, loss,1,4,28,16.7,1,6,53.6,13,13,21,23,4,12,26,0,0,2,46.4,19,11,14,22
377,2018020793,Home,Win,3,2,25,0,0,1,50,12,14,23,27,1,2,35,0,0,1,50,9,5,22,29
378,2018020811,Home, loss,2,2,24,66.7,2,3,57.1,7,3,19,23,3,6,34,0,0,1,42.9,15,9,9,15
379,2018020824,Home,Win,3,6,42,33.3,1,3,50,9,11,21,31,2,6,31,0,0,3,50,12,8,14,27
380,2018020848,Away,Win,5,2,31,25,1,4,50.8,23,11,12,20,4,8,30,0,0,1,49.2,16,14,16,16
381,2018020858,Home, loss,2,10,27,0,0,4,47.5,10,11,15,25,5,10,23,50,2,4,52.5,11,12,13,29
382,2018020865,Home, loss,0,4,30,0,0,4,62.5,15,10,13,18,3,8,19,0,0,2,37.5,20,7,18,26
383,2018020877,Home,,2,8,32,0,0,1,59,18,11,19,24,2,2,43,0,0,4,41,12,12,17,20
384,2018020908,Home,Win,6,6,36,33.3,1,3,47.7,12,13,14,19,3,6,31,0,0,3,52.3,8,10,21,30
385,2018020916,Home,Win,4,8,41,0,0,4,55,15,13,26,30,2,8,34,25,1,4,45,16,12,19,41
386,2018020930,Home, loss,3,16,30,40,2,5,56.9,16,12,15,35,4,10,25,25,2,8,43.1,6,15,11,29
387,2018020948,Home,Win,6,2,25,40,2,5,62.5,16,9,16,28,1,10,19,0,0,1,37.5,12,8,4,41
388,2018020966,Away,Win,4,4,38,50,1,2,49.3,12,7,6,28,3,4,39,0,0,2,50.7,22,10,7,23
389,2018020977,Away,,3,10,27,0,0,1,45.5,17,9,16,33,3,2,40,20,1,5,54.5,16,8,12,25
390,2018020989,Away,,5,4,37,66.7,2,3,41.7,20,12,16,36,5,10,46,0,0,1,58.3,4,20,16,31
391,2018021005,Home,Overtime Loss,3,2,34,0,0,2,56.5,12,6,13,27,4,6,26,0,0,0,43.5,14,11,12,14
392,2018021013,Home, loss,2,6,32,0,0,2,58.2,12,17,15,21,3,4,33,33.3,1,3,41.8,16,11,7,30
393,2018021022,Away,Overtime Loss,2,4,34,33.3,1,3,48.3,19,8,10,27,3,6,37,50,1,2,51.7,13,4,11,28
394,2018021033,Away, loss,3,8,25,40,2,5,43.6,19,20,17,21,4,10,28,25,1,4,56.4,6,7,16,19
395,2018021044,Home,Win,6,13,29,33.3,1,3,56.5,8,7,21,25,2,13,27,0,0,3,43.5,9,7,12,24
396,2018021060,Home,Win,6,4,43,50,2,4,56.7,16,5,14,23,1,8,20,50,1,2,43.3,10,9,12,43
397,2018021092,Away,Win,4,6,27,20,1,5,46,18,9,9,12,2,10,28,0,0,3,54,12,16,12,13
398,2018021101,Away,Win,4,9,35,25,1,4,44.2,12,4,10,17,3,13,27,50,1,2,55.8,14,7,10,32
399,2018021116,Away, loss,2,6,39,0,0,1,45.3,10,8,13,14,3,4,22,50,1,2,54.7,10,7,8,25
400,2018021130,Away, loss,2,6,22,33.3,1,3,43.5,15,5,15,10,4,6,36,33.3,1,3,56.5,16,10,15,16
401,2018021136,Home,Win,4,4,22,33.3,1,3,55.9,12,9,24,30,2,6,34,0,0,2,44.1,11,11,9,34
402,2018021156,Home, loss,3,23,34,100,1,1,61.5,13,13,24,47,7,9,39,33.3,1,3,38.5,14,6,12,25
403,2018021169,Away, loss,5,8,36,33.3,1,3,44.6,17,6,10,21,7,8,37,33.3,1,3,55.4,15,15,16,25
404,2018021180,Away, loss,1,14,34,33.3,1,3,51.4,23,10,19,24,6,16,27,0,0,2,48.6,13,11,13,23
405,2018021192,Away,Win,5,8,34,0,0,2,52.7,14,3,10,24,2,6,30,0,0,3,47.3,11,6,13,19
406,2018021204,Away,Win,4,4,23,0,0,1,54.2,20,10,5,21,1,2,31,0,0,2,45.8,8,6,11,21
407,2018021221,Home,Win,5,4,34,0,0,2,47.5,12,16,18,29,3,4,30,0,0,2,52.5,6,8,14,35
408,2018021244,Home,,1,6,30,50,1,2,50.8,20,7,20,33,1,4,36,0,0,3,49.2,14,6,17,32
409,2018021262,Home,Overtime Loss,3,27,40,0,0,3,57.4,6,11,27,35,4,43,27,20,1,5,42.6,15,8,7,37
410,2019020005,Away, loss,2,6,37,0,0,4,39,15,6,8,14,5,8,30,33.3,1,3,61,15,7,6,17
411,2019020021,Home,Win,4,4,28,66.7,2,3,44.8,14,8,10,26,3,8,35,0,0,1,55.2,5,9,6,24
412,2019020036,Home, loss,3,10,50,33.3,2,6,54.5,10,11,14,15,6,16,35,33.3,1,3,45.5,25,3,7,16
413,2019020058,Away,,2,8,43,0,0,2,44.4,14,2,9,13,2,4,32,0,0,4,55.6,10,6,11,14
414,2019020067,Away,,2,7,37,0,0,3,53.3,16,3,20,28,2,11,28,0,0,1,46.7,20,10,20,24
415,2019020080,Away,Win,6,6,34,20,1,5,48.1,10,5,5,30,4,10,21,0,0,3,51.9,12,5,5,25
416,2019020107,Home,Overtime Loss,4,6,44,0,0,4,48.2,9,11,18,17,5,8,41,0,0,3,51.8,13,17,10,19
417,2019020121,Away,,2,8,30,50,1,2,42.6,22,9,7,9,2,4,27,25,1,4,57.4,11,5,8,14
418,2019020135,Home,Win,4,2,22,0,0,1,42.9,11,8,22,31,2,2,25,0,0,1,57.1,9,11,9,12
419,2019020153,Away,,5,11,23,0,0,2,34.5,17,11,10,14,5,9,24,33.3,1,3,65.5,8,12,15,16
420,2019020170,Away,Win,6,6,29,0,0,1,53.7,17,7,12,11,2,2,26,33.3,1,3,46.3,13,9,13,22
421,2019020178,Away, loss,2,4,31,50,1,2,46.3,15,4,5,16,7,4,36,0,0,2,53.7,16,13,5,17
422,2019020191,Away,Win,4,21,38,25,1,4,50,7,8,4,15,3,25,30,0,0,2,50,12,13,10,15
423,2019020208,Home,Win,4,6,41,50,1,2,55.6,13,5,20,16,0,4,22,0,0,3,44.4,9,8,10,14
424,2019020238,Home,Overtime Loss,4,8,36,20,1,5,50,10,15,15,7,5,10,31,25,1,4,50,15,13,10,16
425,2019020252,Away, loss,1,6,38,25,1,4,42.9,15,7,14,6,2,8,36,0,0,3,57.1,20,12,21,20
426,2019020263,Away,,5,13,35,33.3,1,3,75.9,9,13,22,28,5,11,34,50,2,4,24.1,15,11,15,25
427,2019020272,Away,,4,8,29,50,2,4,52.9,14,9,10,27,4,12,38,50,1,2,47.1,6,12,11,20
428,2019020288,Home, loss,3,0,37,33.3,1,3,58.2,10,16,16,16,4,6,30,0,0,0,41.8,15,11,12,18
429,2019020306,Home,Win,4,6,30,66.7,2,3,51.6,12,9,11,15,3,8,33,0,0,3,48.4,16,10,9,18
430,2019020319,Home,Win,5,6,26,0,0,4,52.1,18,12,12,15,2,8,37,0,0,2,47.9,18,7,12,14
431,2019020334,Home,Win,5,2,28,0,0,1,53.1,18,15,17,17,4,2,32,100,1,1,46.9,15,14,11,22
432,2019020355,Away, loss,2,4,23,0,0,2,58,20,5,11,22,4,4,34,0,0,2,42,7,13,8,21
433,2019020362,Home, loss,2,4,45,25,1,4,56,8,10,7,12,5,8,26,0,0,2,44,15,7,9,21
434,2019020383,Away, loss,3,6,40,0,0,3,59.3,18,7,8,10,4,8,20,0,0,2,40.7,18,5,11,28
435,2019020408,Home,Win,3,8,28,0,0,4,50,19,9,9,20,0,8,27,0,0,4,50,18,12,9,24
436,2019020426,Home, loss,2,2,46,33.3,1,3,58.2,10,8,13,12,4,6,26,0,0,1,41.8,8,7,10,30
437,2019020457,Home,Win,4,11,27,25,1,4,59.6,18,10,15,13,1,13,34,0,0,3,40.4,17,2,6,19
438,2019020464,Home,Win,5,11,33,50,2,4,47.7,17,9,5,16,1,23,31,33.3,1,3,52.3,14,3,5,21
439,2019020473,Home, loss,1,4,28,0,0,3,50,17,17,23,19,2,6,48,0,0,2,50,24,4,13,24
440,2019020489,Home, loss,1,13,33,0,0,3,50.8,10,11,13,16,3,21,30,50,2,4,49.2,20,8,10,18
441,2019020508,Home, loss,2,6,33,0,0,3,42.6,14,11,15,21,4,6,42,33.3,1,3,57.4,21,6,10,21
442,2019020519,Home,Win,6,8,31,20,1,5,50,13,14,22,22,1,16,30,0,0,1,50,11,8,13,32
443,2019020548,Home,Win,7,6,33,25,1,4,50,15,12,19,14,4,8,31,33.3,1,3,50,10,13,14,24
444,2019020559,Away,Win,4,10,22,66.7,2,3,49.2,23,8,8,15,2,10,44,33.3,1,3,50.8,5,5,10,11
445,2019020572,Away, loss,1,8,30,25,1,4,55.9,15,6,11,25,6,8,34,75,3,4,44.1,9,4,12,18
446,2019020595,Home,Win,5,6,30,66.7,2,3,38.1,19,14,22,30,4,8,39,0,0,2,61.9,13,15,14,24
447,2019020608,Home,Win,6,8,34,0,0,5,48.6,19,10,15,13,5,10,43,50,2,4,51.4,18,7,7,24
448,2019020619,Away, loss,1,8,37,0,0,2,57.7,10,5,7,15,4,6,28,33.3,1,3,42.3,24,3,14,11
449,2019020632,Away,Win,6,6,31,66.7,2,3,52.5,23,7,12,21,3,6,31,0,0,3,47.5,16,2,15,35
450,2019020645,Away, loss,2,8,34,0,0,3,48.1,11,4,6,8,3,8,18,33.3,1,3,51.9,16,0,8,11
451,2019020654,Away,Win,4,18,35,0,0,1,57.4,12,6,3,21,1,14,32,0,0,3,42.6,20,7,10,26
452,2019020664,Home, loss,2,6,39,0,0,2,56.3,8,10,10,24,5,6,37,100,2,2,43.7,15,7,7,25
453,2019020681,Home,Win,5,6,49,25,1,4,55.9,10,11,18,20,2,18,32,0,0,3,44.1,18,4,10,24
454,2019020707,Home,Win,8,6,29,50,1,2,46.5,18,12,18,18,4,4,47,0,0,3,53.5,4,6,9,6
455,2019020729,Home,Win,4,8,26,66.7,2,3,50,15,11,13,22,3,6,30,50,2,4,50,14,8,9,17
456,2019020749,Away,Win,4,19,38,16.7,1,6,41.3,15,1,7,15,1,27,28,0,0,7,58.7,14,5,7,16
457,2019020760,Away,Win,5,8,25,50,1,2,47.5,15,4,6,15,4,4,33,50,2,4,52.5,7,7,4,10
458,2019020765,Away,Win,4,8,26,33.3,1,3,50.8,17,7,8,23,3,6,35,25,1,4,49.2,19,8,11,19
459,2019020794,Away, loss,0,4,29,0,0,6,35.1,25,7,14,14,4,12,35,50,1,2,64.9,11,9,6,22
460,2019020809,Away,Win,5,6,21,50,1,2,44.2,11,13,4,30,3,4,34,33.3,1,3,55.8,10,8,16,10
461,2019020818,Away,Overtime Loss,0,2,32,0,0,2,55,14,2,2,15,1,4,45,0,0,1,45,14,5,6,12
462,2019020830,Home, loss,2,12,25,33.3,1,3,53.4,10,10,20,16,7,8,39,20,1,5,46.6,10,5,12,22
463,2019020847,Home, loss,2,2,35,0,0,3,61.2,9,7,14,32,3,6,22,100,1,1,38.8,12,5,5,25
464,2019020861,Away, loss,1,10,31,0,0,5,44.8,12,5,10,22,4,10,34,0,0,5,55.2,12,9,8,32
465,2019020868,Away,Win,5,4,33,0,0,2,61,11,11,3,12,3,4,28,50,1,2,39,18,8,16,12
466,2019020883,Home, loss,2,8,28,0,0,1,39.3,8,13,9,22,6,4,28,33.3,1,3,60.7,12,7,5,15
467,2019020898,Home, loss,1,12,34,0,0,3,58.2,6,9,16,20,4,16,29,0,0,1,41.8,17,8,9,8
468,2019020917,Away,Win,5,8,28,0,0,4,35,20,9,4,11,3,8,32,25,1,4,65,13,10,9,13
469,2019020931,Away,Win,4,4,32,0,0,1,50,9,6,9,16,1,4,36,0,0,1,50,17,4,14,23
470,2019020940,Away, loss,4,12,29,50,2,4,34.9,13,2,7,23,5,10,40,20,1,5,65.1,4,2,21,17
471,2019020957,Away, loss,3,6,35,33.3,1,3,52.1,18,7,3,15,5,8,39,0,0,2,47.9,15,11,4,23
472,2019020979,Away,Win,2,0,26,50,1,2,56.7,12,3,3,25,1,4,38,0,0,0,43.3,16,8,9,21
473,2019020987,Home, loss,3,7,27,0,0,1,54.8,13,9,16,19,5,7,29,0,0,1,45.2,16,5,17,16
474,2019021002,Home,,2,6,40,0,0,3,52.5,14,13,15,11,2,6,29,0,0,3,47.5,9,5,12,12
475,2019021012,Home, loss,0,2,38,0,0,3,51,16,17,23,21,3,6,28,100,1,1,49,10,7,13,14
476,2019021035,Home,Overtime Loss,1,15,33,0,0,4,47.6,14,13,15,24,2,13,28,25,1,4,52.4,14,10,14,22
477,2019021054,Home,Win,4,6,32,0,0,3,59.3,15,13,16,20,1,6,34,0,0,3,40.7,13,10,9,26
478,2019021075,Away,Win,2,4,34,100,1,1,47.7,23,13,6,11,1,2,27,0,0,2,52.3,15,8,10,6
479,2020020009,Home,Win,3,7,52,0,0,3,56.1,6,18,6,24,1,11,25,0,0,1,43.9,17,1,4,32
480,2020020020,Home,Win,5,9,43,25,1,4,51.7,17,11,14,23,4,23,29,50,1,2,48.3,9,10,12,33
481,2020020034,Home,Win,5,6,36,25,1,4,53.3,14,14,25,30,2,8,30,33.3,1,3,46.7,8,6,14,24
482,2020020049,Home,Win,5,4,30,50,2,4,45.5,13,9,15,25,4,8,36,100,2,2,54.5,16,8,14,28
483,2020020062,Away,Win,4,6,37,25,1,4,40.3,11,11,11,15,3,8,35,33.3,1,3,59.7,10,8,15,18
484,2020020076,Away, loss,2,12,23,0,0,5,49.3,14,4,7,21,4,12,26,20,1,5,50.7,12,7,16,26
485,2020020098,Away,,3,12,31,0,0,3,50,10,3,6,17,3,6,22,0,0,6,50,12,2,8,23
486,2020020114,Away,,2,10,35,0,0,1,54.4,10,10,6,18,2,6,31,33.3,1,3,45.6,13,7,9,27
487,2020020130,Away,Win,3,8,26,66.7,2,3,47.5,8,4,9,19,2,6,27,0,0,4,52.5,12,7,10,14
488,2020020139,Away,Win,3,8,30,50,2,4,51.8,9,3,5,16,2,10,34,0,0,3,48.2,9,1,2,11
489,2020020165,Home, loss,5,8,36,50,2,4,39.3,14,8,7,21,6,8,41,50,2,4,60.7,10,8,9,20
490,2020020176,Home,Win,2,4,36,0,0,2,59.7,16,3,11,40,1,6,25,0,0,1,40.3,17,7,4,25
491,2020020189,Home, loss,1,9,37,0,0,1,50.9,6,12,7,25,4,11,39,0,0,0,49.1,12,8,2,24
492,2020020203,Home,Win,2,6,22,100,1,1,45.2,10,15,6,35,1,2,32,0,0,3,54.8,8,6,1,28
493,2020020217,Home,Win,5,13,29,33.3,1,3,60,11,6,5,44,2,13,21,66.7,2,3,40,11,2,9,39
494,2020020232,Home, loss,1,17,34,0,0,4,48.2,8,9,9,36,6,19,28,33.3,1,3,51.8,12,4,5,25
495,2020020256,Away,Win,6,18,21,0,0,3,45.3,9,0,0,15,4,16,31,0,0,4,54.7,7,2,1,26
496,2020020275,Away,Win,7,8,39,50,1,2,43.1,5,6,1,21,2,4,32,0,0,4,56.9,9,1,10,12
497,2020020292,Away, loss,1,4,39,33.3,1,3,45.5,9,0,4,9,2,6,27,0,0,2,54.5,17,1,3,13
498,2020020303,Home,Overtime Loss,0,10,43,0,0,3,49.3,8,9,3,42,3,8,26,0,0,4,50.7,15,6,3,38
499,2020020315,Home,Win,3,4,35,0,0,1,44.3,11,5,8,30,2,2,39,50,1,2,55.7,7,5,10,33
500,2020020330,Home,,3,6,31,25,1,4,47.2,7,11,9,24,3,8,33,66.7,2,3,52.8,7,10,5,19
501,2020020348,Home, loss,2,8,46,0,0,3,49.1,10,14,13,33,3,8,31,33.3,1,3,50.9,10,0,3,20
502,2020020368,Away,Win,5,4,38,50,2,4,35.8,14,3,11,9,4,8,35,0,0,2,64.2,12,5,12,10
503,2020020381,Away,Win,6,9,32,25,1,4,46.9,16,6,5,14,2,13,30,50,1,2,53.1,11,5,6,13
504,2020020406,Away,Win,4,6,33,50,2,4,59.6,11,10,6,26,2,8,40,0,0,3,40.4,16,12,10,20
505,2020020420,Away,Win,5,6,32,33.3,1,3,66,12,4,10,14,4,6,32,33.3,1,3,34,13,4,21,16
506,2020020435,Home,Win,4,8,35,0,0,2,66.7,5,7,4,17,2,4,32,0,0,4,33.3,9,3,3,15
507,2020020449,Home,Win,6,10,36,66.7,2,3,61.5,10,6,8,16,3,8,29,0,0,4,38.5,9,2,8,20
508,2020020472,Home, loss,1,6,41,0,0,3,50,12,8,7,18,2,6,27,0,0,3,50,12,4,5,25
509,2020020487,Home,Win,2,8,49,0,0,5,48.1,10,5,6,23,0,12,21,0,0,3,51.9,21,4,6,20
510,2020020505,Away, loss,2,6,35,50,1,2,50,16,12,13,42,3,4,32,33.3,1,3,50,19,11,15,24
511,2020020519,Away, loss,0,21,41,0,0,6,50.9,9,7,9,36,3,17,21,33.3,1,3,49.1,22,11,12,32
512,2020020538,Away,Win,4,6,28,33.3,1,3,56.1,17,2,5,12,3,6,34,0,0,3,43.9,16,4,13,20
513,2020020547,Away,Win,4,13,23,25,1,4,47.5,17,2,15,23,1,15,34,33.3,1,3,52.5,12,4,4,29
514,2020020560,Home,Win,4,8,33,0,0,4,49,11,17,11,29,1,8,36,25,1,4,51,14,5,10,27
515,2020020575,Home,Win,3,16,36,25,1,4,50,15,6,12,32,2,20,27,0,0,2,50,9,5,8,21
516,2020020590,Home,Win,5,2,39,0,0,4,52.6,14,9,14,19,2,8,46,0,0,1,47.4,17,15,6,31
517,2020020600,Home,Win,3,6,35,0,0,1,62.1,18,11,17,17,0,2,32,0,0,3,37.9,15,9,9,29
518,2020020615,Away, loss,2,8,36,0,0,2,41.9,12,3,14,41,5,4,36,50,2,4,58.1,8,5,20,36
519,2020020629,Away, loss,0,12,24,0,0,4,58.3,8,4,8,39,3,12,22,25,1,4,41.7,9,5,14,24
520,2020020648,Away, loss,1,6,21,25,1,4,45.8,7,3,10,26,4,8,20,33.3,1,3,54.2,28,9,6,34
521,2020020670,Away,Win,3,8,31,25,1,4,41.2,14,5,8,14,2,10,26,0,0,3,58.8,15,2,16,18
522,2020020679,Away,Overtime Loss,2,4,38,0,0,3,66,11,3,0,26,3,6,19,50,1,2,34,7,7,1,35
523,2020020694,Away,Win,5,4,32,33.3,1,3,42.6,14,4,2,22,3,6,31,0,0,2,57.4,9,3,4,25
524,2020020707,Home,Win,4,31,39,0,0,2,62.7,15,17,20,25,2,21,36,0,0,2,37.3,8,10,8,24
525,2020020719,Home,Win,5,7,33,0,0,2,58.5,7,10,9,27,1,9,34,100,1,1,41.5,6,7,8,29
526,2020020732,Home, loss,2,15,34,11.1,1,9,54.7,8,9,20,28,4,27,29,33.3,1,3,45.3,24,7,7,18
527,2020020745,Home,Win,4,10,36,0,0,4,37.5,13,10,11,27,3,8,19,20,1,5,62.5,15,3,9,34
528,2020020758,Away, loss,1,6,40,0,0,2,45.3,5,3,7,14,4,6,27,50,1,2,54.7,13,10,17,18
529,2020020773,Away,Win,7,4,55,60,3,5,55.4,4,2,8,13,4,10,30,0,0,2,44.6,13,1,6,17
530,2020020787,Away,Win,4,4,39,25,1,4,50,11,10,13,40,3,8,27,0,0,2,50,13,9,13,36
531,2020020802,Away,Win,5,8,42,0,0,1,55.4,13,10,11,27,4,2,35,50,2,4,44.6,18,10,13,31
532,2020020828,Away,Overtime Loss,3,14,32,40,2,5,39.7,13,0,1,20,5,14,24,20,1,5,60.3,10,5,0,22
533,2020020841,Home,Win,4,19,30,0,0,5,38.6,12,13,23,33,0,19,30,0,0,5,61.4,11,3,9,39
534,2020020857,Home,Win,5,76,35,16.7,1,6,47.2,7,7,10,38,1,78,29,0,0,5,52.8,11,9,18,36
535,2021020010,Home,Win,5,18,39,0,0,6,54.3,17,11,19,23,4,12,47,22.2,2,9,45.7,11,6,12,22
536,2021020025,Home,Win,5,12,29,0,0,1,43.3,11,10,15,34,1,6,30,25,1,4,56.7,23,8,10,28
537,2021020042,Away,Win,4,12,32,33.3,1,3,39.1,10,4,3,25,1,6,31,0,0,6,60.9,15,7,5,26
538,2021020055,Home,Win,4,6,38,20,1,5,59.7,12,9,14,26,1,10,31,0,0,3,40.3,18,11,9,26
539,2021020070,Away,Win,4,8,31,14.3,1,7,41.3,12,5,9,21,2,14,29,25,1,4,58.7,12,3,6,23
540,2021020085,Home,Win,5,9,41,66.7,2,3,57.1,9,14,13,23,3,23,21,0,0,1,42.9,20,14,7,33
541,2021020097,Home,Win,4,4,27,0,0,1,33.9,17,17,17,34,1,2,31,0,0,2,66.1,13,13,10,37
542,2021020111,Away,Win,3,8,33,0,0,3,41.4,9,6,5,18,2,6,30,0,0,4,58.6,23,3,9,23
543,2021020117,Away,,2,6,35,100,1,1,36.8,14,10,9,25,2,2,33,33.3,1,3,63.2,11,10,7,28
544,2021020152,Home,Win,5,4,33,33.3,1,3,48.9,9,16,13,29,4,6,42,0,0,2,51.1,13,15,13,36
545,2021020166,Home,Win,5,21,32,60,3,5,35.6,26,12,6,21,2,20,32,20,1,5,64.4,11,7,6,35
546,2021020180,Away, loss,3,6,45,0,0,2,47.3,8,4,4,18,4,6,18,50,1,2,52.7,21,5,8,26
547,2021020186,Away, loss,3,8,38,0,0,2,46.7,10,9,7,28,7,4,31,50,2,4,53.3,14,5,9,21
548,2021020200,Away,,2,6,38,0,0,4,42.3,14,10,3,28,2,8,31,0,0,3,57.7,11,14,10,31
549,2021020214,Away,Overtime Loss,2,11,28,0,0,1,54.4,6,8,0,25,3,11,24,100,1,1,45.6,16,10,0,30
550,2021020233,Home,Win,6,9,36,0,0,5,49.1,14,15,26,26,1,46,28,0,0,1,50.9,5,12,14,42
551,2021020251,Home,Win,4,8,41,0,0,2,42.9,15,12,18,35,1,6,46,0,0,3,57.1,16,5,12,24
552,2021020265,Home,Win,5,4,37,0,0,1,49.1,16,28,18,35,4,2,39,50,1,2,50.9,17,8,16,32
553,2021020292,Home,Win,2,6,45,50,1,2,42.1,7,14,15,15,1,6,33,0,0,2,57.9,21,10,9,28
554,2021020309,Away, loss,3,6,22,0,0,3,47.6,13,7,5,13,4,6,29,33.3,1,3,52.4,12,9,10,21
555,2021020318,Home, loss,1,6,34,0,0,1,28,10,19,22,39,4,4,27,50,1,2,72,22,14,14,24
556,2021020338,Home,Win,5,8,51,50,2,4,51.5,10,16,15,35,4,12,27,0,0,2,48.5,7,9,7,35
557,2021020354,Home,Win,7,8,45,33.3,1,3,47.6,15,14,19,16,4,8,31,0,0,3,52.4,20,2,18,15
558,2021020370,Home,,3,4,51,0,0,4,47.6,8,10,10,19,3,10,25,0,0,1,52.4,17,6,9,24
559,2021020394,Away,Overtime Loss,3,12,40,0,0,5,50,8,5,3,12,4,12,30,20,1,5,50,16,3,16,23
560,2021020416,Away,Win,3,10,23,25,1,4,45.5,12,7,6,17,1,8,23,20,1,5,54.5,7,6,14,28
561,2021020433,Away, loss,2,19,31,25,1,4,54.4,11,6,3,18,3,13,26,50,1,2,45.6,17,9,3,22
562,2021020440,Home, loss,2,37,35,0,0,6,43.3,11,9,12,26,8,21,38,50,2,4,56.7,24,8,15,26
563,2021020456,Home, loss,1,4,42,0,0,4,32.1,10,17,12,30,4,8,31,0,0,2,67.9,16,5,5,21
564,2021020476,Away,Win,6,10,36,33.3,1,3,48.2,11,6,3,33,2,6,26,40,2,5,51.8,15,8,11,34
565,2021020498,Away,Win,5,15,25,0,0,1,56.5,13,3,8,30,2,9,24,0,0,4,43.5,12,3,10,24
566,2021020511,Home, loss,4,6,48,33.3,1,3,38.7,9,10,12,26,6,6,33,33.3,1,3,61.3,18,9,6,34
567,2021020527,Away,Win,3,10,31,0,0,5,57.1,10,5,17,34,2,12,18,0,0,4,42.9,10,4,14,28
568,2021020544,Home,Win,4,6,32,0,0,2,55.2,9,11,18,40,3,6,33,0,0,2,44.8,16,7,6,30
569,2021020552,Home,Win,9,24,37,33.3,1,3,44.1,11,13,10,40,3,42,42,25,1,4,55.9,13,11,6,29
570,2021020568,Home,Win,5,11,48,20,1,5,56.1,15,15,16,29,2,15,31,0,0,3,43.9,16,10,13,25
571,2021020589,Home,Win,6,4,45,66.7,2,3,54.5,17,20,20,39,2,6,49,0,0,2,45.5,24,14,9,29
572,2021020605,Away,,5,6,42,33.3,1,3,40.3,15,3,14,18,5,6,36,33.3,1,3,59.7,15,11,13,23
573,2021020617,Away,Win,4,8,36,0,0,2,53.6,13,15,12,27,3,4,27,25,1,4,46.4,11,5,14,27
574,2021020638,Home,Win,5,18,26,33.3,1,3,41.4,22,11,12,16,2,18,44,0,0,3,58.6,22,9,5,28
575,2021020661,Home,Win,7,4,39,50,1,2,52.8,9,15,25,26,1,4,30,0,0,2,47.2,23,19,10,30
576,2021020669,Home,Win,9,8,51,25,1,4,43.8,11,14,20,19,2,8,30,25,1,4,56.2,14,8,18,29
577,2021020698,Away, loss,1,12,29,0,0,3,38.5,12,4,12,14,5,12,31,66.7,2,3,61.5,11,9,21,15
578,2021020709,Away,Win,6,6,28,60,3,5,40.9,26,11,14,27,0,10,40,0,0,3,59.1,20,13,17,22
579,2021020718,Away,,1,8,34,50,1,2,50.9,11,3,5,14,1,4,28,25,1,4,49.1,18,7,7,17
580,2021020736,Away, loss,3,13,31,33.3,1,3,56.1,13,4,6,18,5,11,29,0,0,4,43.9,25,11,2,21
581,2021020749,Away,Win,5,6,32,0,0,4,42,7,9,10,18,3,8,35,33.3,1,3,58,6,11,9,16
582,2021020760,Home,Win,4,6,32,0,0,1,37,13,27,22,37,1,4,25,0,0,3,63,14,13,13,31
583,2021020776,Home,Win,5,6,50,0,0,1,49.2,4,17,14,30,4,4,34,100,2,2,50.8,26,14,12,31
584,2021020793,Away,Win,8,6,40,33.3,1,3,53.8,14,9,5,9,4,8,36,0,0,2,46.2,21,5,12,33
585,2021020800,Away, loss,2,15,36,33.3,1,3,54.7,16,3,9,25,5,11,35,60,3,5,45.3,14,16,9,38
586,2021020816,Home, loss,3,4,42,0,0,4,55.9,6,13,17,27,6,8,28,0,0,2,44.1,20,14,16,43
587,2021020831,Home, loss,3,4,47,40,2,5,53.8,11,6,18,31,4,10,22,50,1,2,46.2,15,7,14,24
588,2021020865,Home,Win,3,23,48,22.2,2,9,52.6,10,8,11,19,0,55,18,0,0,3,47.4,24,9,5,37
589,2021020881,Home,Win,6,4,39,66.7,2,3,64.3,10,18,14,24,2,6,25,0,0,2,35.7,15,6,11,17
590,2021020899,Away,Win,6,12,31,66.7,2,3,47.3,12,5,6,6,1,18,30,0,0,5,52.7,7,3,11,12
591,2021020906,Away,Win,4,6,29,50,1,2,42.2,11,8,4,22,3,4,35,0,0,3,57.8,15,6,9,34
592,2021020920,Home,Win,6,18,37,100,3,3,50.7,22,15,12,18,3,28,37,33.3,1,3,49.3,22,5,12,33
593,2021020951,Away,,2,10,32,0,0,2,40,20,1,9,31,2,6,37,25,1,4,60,11,3,5,22
594,2021020963,Away,Win,3,14,34,0,0,2,45,17,8,8,18,2,8,26,20,1,5,55,25,12,15,20
595,2021020975,Away, loss,3,16,36,100,1,1,45.3,15,7,10,50,5,2,33,33.3,1,3,54.7,16,12,5,32
596,2021020981,Away,Win,3,11,42,20,1,5,54.5,11,4,9,28,0,29,17,0,0,1,45.5,20,4,12,21
597,2021021020,Away,Win,4,10,42,16.7,1,6,45.9,13,1,18,20,3,12,31,20,1,5,54.1,24,7,15,26
598,2021021036,Away,,3,8,49,50,1,2,52.2,13,5,9,33,3,4,22,0,0,4,47.8,19,5,16,34
599,2021021046,Away, loss,2,6,36,0,0,3,53,8,9,8,39,5,8,25,100,2,2,47,16,21,19,32
600,2021021061,Home,Win,7,6,46,0,0,4,55.1,7,14,9,21,4,10,24,0,0,2,44.9,21,7,5,19
601,2021021076,Home,Win,4,6,44,33.3,1,3,46.4,13,8,12,27,0,6,37,0,0,3,53.6,12,3,7,21
602,2021021092,Away,Win,7,4,41,0,0,3,66.1,9,4,11,27,6,6,31,0,0,2,33.9,19,11,10,23
603,2021021100,Away,Win,5,4,40,33.3,1,3,47.4,8,3,10,28,3,6,29,100,2,2,52.6,6,6,9,12
604,2021021116,Home,Win,7,16,49,50,3,6,51.2,10,14,14,38,6,14,35,42.9,3,7,48.8,21,8,8,28
605,2021021138,Home,Win,4,10,43,100,2,2,49,13,10,14,22,3,4,22,25,1,4,51,13,5,17,20
606,2021021148,Away,Win,4,9,25,0,0,3,44.4,20,6,14,24,1,21,25,0,0,2,55.6,19,7,20,40
607,2021021167,Home,Win,3,4,55,33.3,1,3,62.3,5,17,6,16,2,6,24,0,0,2,37.7,21,10,9,29
608,2021021194,Home,Win,6,10,43,0,0,1,46.7,14,13,12,20,1,4,31,0,0,4,53.3,5,4,7,29
609,2021021210,Away,Win,6,6,39,0,0,2,44.6,8,2,6,27,1,4,34,0,0,3,55.4,6,1,12,25
610,2021021223,Away,Win,3,16,42,20,1,5,51.7,8,3,16,16,2,10,26,33.3,1,3,48.3,19,11,19,24
611,2021021235,Home,Win,5,8,27,50,2,4,66.7,15,9,11,20,2,23,30,0,0,2,33.3,21,5,7,27
612,2021021253,Home,Win,3,8,35,50,1,2,45.6,16,9,12,25,2,8,36,0,0,2,54.4,12,8,11,22
613,2021021260,Home, loss,4,66,39,16.7,1,6,47.9,13,3,21,35,8,24,33,42.9,3,7,52.1,21,8,8,29
614,2021021272,Away, loss,2,10,21,50,1,2,45,5,13,9,29,4,8,38,0,0,3,55,12,7,5,27
615,2021021291,Away,Win,4,11,30,0,0,3,45.2,17,6,10,13,0,21,27,0,0,3,54.8,11,4,9,19
616,2021021300,Away, loss,2,4,39,100,1,1,45.3,10,7,24,13,10,2,37,50,1,2,54.7,22,9,24,15